,date,max_temperature,min_temperature,weather,wind_direction,wind_power
0,2011-01-01,2,-5,多云~阴,北风,3-4级
1,2011-01-02,3,-4,多云~晴,北风~无持续风向,3-4级~微风
2,2011-01-03,4,-3,晴~多云,无持续风向,微风
3,2011-01-04,5,-6,多云,无持续风向~北风,微风~3-4级
4,2011-01-05,2,-8,多云~晴,北风~无持续风向,3-4级~微风
5,2011-01-06,1,-8,晴,无持续风向,微风
6,2011-01-07,1,-7,多云,无持续风向,微风
7,2011-01-08,4,-3,晴~多云,北风~无持续风向,3-4级~微风
8,2011-01-09,3,-6,多云,无持续风向,微风
9,2011-01-10,0,-9,多云,无持续风向,微风
10,2011-01-11,5,-6,晴,无持续风向~北风,微风~3-4级
11,2011-01-12,5,-4,多云,无持续风向,微风
12,2011-01-13,1,-10,晴,无持续风向,微风
13,2011-01-14,-1,-9,晴,北风,3-4级
14,2011-01-15,-1,-10,多云,无持续风向,微风
15,2011-01-16,0,-9,晴,北风~无持续风向,3-4级~微风
16,2011-01-26,6,-5,晴~多云,东北风~东风,3-4级
17,2011-01-29,2,-9,晴,无持续风向,微风
18,2011-01-30,3,-8,晴,无持续风向,微风
19,2011-01-31,6,-6,晴,无持续风向,微风
21,2011-02-01,9,-3,晴,无持续风向,微风
22,2011-02-02,10,-4,晴,无持续风向,微风
23,2011-02-03,10,-2,多云~晴,无持续风向,微风
24,2011-02-04,12,-3,多云~晴,无持续风向,微风
25,2011-02-05,12,-4,晴~多云,南风,3-4级
26,2011-02-06,12,0,晴~多云,无持续风向,微风
27,2011-02-07,10,1,多云~阴,南风~北风,3-4级
28,2011-02-08,13,-1,晴~多云,北风,3-4级
29,2011-02-09,5,-2,阴~雨夹雪,北风,3-4级
30,2011-02-10,4,-4,多云~晴,无持续风向,微风
31,2011-02-11,6,-6,多云~晴,无持续风向,微风
32,2011-02-12,3,-5,多云~小雪,无持续风向,微风
33,2011-02-13,2,-5,阵雪,无持续风向,微风
34,2011-02-14,4,-6,晴,无持续风向,微风
35,2011-02-15,4,-4,晴,南风,3-4级
36,2011-02-16,4,-5,阴~多云,无持续风向,微风
37,2011-02-17,8,-2,多云~晴,无持续风向,微风
38,2011-02-18,9,-2,晴,无持续风向,微风
39,2011-02-19,10,0,晴,东南风,3-4级
40,2011-02-20,11,-1,晴,无持续风向,微风
41,2011-02-21,13,0,晴,无持续风向,微风
42,2011-02-22,13,3,多云~晴,无持续风向,微风
43,2011-02-23,16,5,多云~晴,无持续风向,微风
44,2011-02-24,18,4,晴~多云,无持续风向,微风
45,2011-02-25,12,1,阴~小雨,东风,3-4级
46,2011-02-26,5,1,小雨,东风~东北风,3-4级
47,2011-02-27,2,-2,小雨~雨夹雪,北风,3-4级
48,2011-02-28,6,-2,阴~多云,北风,3-4级
50,2011-03-01,5,-5,多云~晴,无持续风向,微风
51,2011-03-02,7,-3,晴~多云,无持续风向,微风
52,2011-03-03,8,-2,多云~晴,北风~南风,3-4级
53,2011-03-04,10,-1,多云,南风,3-4级
54,2011-03-05,10,4,多云,无持续风向,微风
55,2011-03-06,13,2,多云~晴,北风,3-4级
56,2011-03-07,13,0,晴,无持续风向,微风
57,2011-03-08,13,0,晴~多云,无持续风向,微风
58,2011-03-09,12,0,多云~晴,北风~西北风,3-4级
59,2011-03-10,14,2,晴,西南风~南风,3-4级
60,2011-03-11,17,5,晴,南风,3-4级
61,2011-03-12,20,9,晴~多云,西南风,3-4级
62,2011-03-13,21,6,多云~阴,南风~北风,3-4级~4-5级
63,2011-03-14,12,2,阴~多云,北风,4-5级~3-4级
64,2011-03-15,11,1,晴,西北风~西风,3-4级
65,2011-03-16,13,2,晴,西风~西南风,3-4级
66,2011-03-17,17,4,晴,无持续风向,微风
67,2011-03-18,19,8,多云,南风~北风,3-4级
68,2011-03-19,14,5,多云~小雨,无持续风向,微风
69,2011-03-20,13,5,小雨,南风~北风,3-4级
70,2011-03-21,12,3,阴~多云,北风,3-4级
71,2011-03-22,13,2,多云~晴,北风~南风,4-5级~3-4级
72,2011-03-23,14,2,多云~晴,无持续风向,微风
73,2011-03-24,13,-1,多云~晴,北风~南风,4-5级~3-4级
74,2011-03-25,14,-1,晴,无持续风向,微风
75,2011-03-26,17,4,晴,无持续风向,微风
76,2011-03-27,18,2,晴,无持续风向,微风
77,2011-03-28,15,1,多云~晴,无持续风向,微风
78,2011-03-29,19,4,晴,无持续风向,微风
79,2011-03-30,20,6,晴,无持续风向,微风
80,2011-03-31,21,9,晴,东南风,3-4级
82,2011-04-01,19,6,多云~阴,南风~北风,3-4级
83,2011-04-02,15,3,小雨~多云,北风,3-4级
84,2011-04-03,12,1,多云~晴,无持续风向,微风
85,2011-04-04,16,4,晴,无持续风向,微风
86,2011-04-05,17,7,多云,南风,3-4级
87,2011-04-06,15,7,阴~小雨,南风,3-4级
88,2011-04-07,18,7,多云,无持续风向,微风
89,2011-04-08,19,7,多云,无持续风向,微风
90,2011-04-09,23,9,多云,南风~西南风,3-4级
91,2011-04-10,21,5,多云~晴,北风,3-4级
92,2011-04-11,20,7,晴,无持续风向,微风
93,2011-04-12,22,9,晴,西南风,3-4级
94,2011-04-13,25,11,晴~多云,南风,3-4级
95,2011-04-14,27,15,多云,西南风~西风,3-4级
96,2011-04-15,28,11,晴~多云,东北风~北风,3-4级
97,2011-04-16,24,10,晴,无持续风向,微风
98,2011-04-17,23,8,多云~晴,南风~北风,3-4级
99,2011-04-18,19,3,晴,北风,3-4级
100,2011-04-19,22,8,晴,南风,3-4级
101,2011-04-20,24,10,多云~小雨,无持续风向,微风
102,2011-04-21,21,11,小雨~多云,无持续风向,微风
103,2011-04-22,21,9,多云~晴,北风~西北风,3-4级
104,2011-04-23,22,9,晴,西北风,3-4级
105,2011-04-24,25,13,晴~多云,北风~南风,3-4级
106,2011-04-25,26,16,晴~多云,南风,3-4级
107,2011-04-26,29,11,多云~晴,西北风,3-4级
108,2011-04-27,24,9,晴,无持续风向,微风
109,2011-04-28,26,15,晴,南风,3-4级
110,2011-04-29,32,20,多云~雷阵雨,南风,4-5级
111,2011-04-30,28,14,阴~多云,南风~北风,3-4级
113,2011-05-01,27,14,晴~多云,无持续风向,微风
114,2011-05-02,24,15,多云,无持续风向,微风
115,2011-05-03,25,12,多云,西南风~南风,3-4级
116,2011-05-04,26,15,晴~多云,南风,3-4级
117,2011-05-05,27,15,多云,南风,4-5级
118,2011-05-06,29,17,多云,南风,3-4级
119,2011-05-07,30,18,多云~阵雨,南风~北风,3-4级
120,2011-05-08,26,18,阴~小雨,南风,3-4级
121,2011-05-09,27,17,小雨~小到中雨,北风,3-4级
122,2011-05-10,21,14,大雨~小雨,东北风,3-4级
123,2011-05-11,23,15,多云,无持续风向,微风
124,2011-05-12,24,12,多云~晴,西北风,3-4级
125,2011-05-13,28,14,晴,无持续风向,微风
126,2011-05-14,29,15,晴,无持续风向,微风
127,2011-05-15,29,16,晴~多云,无持续风向,微风
128,2011-05-16,27,16,多云~晴,南风,3-4级
129,2011-05-17,31,19,多云~晴,南风,4-5级~3-4级
130,2011-05-18,33,21,多云,南风,3-4级
131,2011-05-19,29,17,多云~阵雨,北风,3-4级
132,2011-05-20,23,14,阵雨,无持续风向,微风
133,2011-05-21,21,13,阵雨~多云,无持续风向,微风
134,2011-05-22,21,13,多云,无持续风向,微风
135,2011-05-23,23,12,多云~晴,无持续风向,微风
136,2011-05-24,26,13,多云,西南风,3-4级
137,2011-05-25,26,15,多云,无持续风向,微风
138,2011-05-26,27,16,多云,无持续风向,微风
139,2011-05-27,27,15,晴~多云,无持续风向,微风
140,2011-05-28,30,17,晴,无持续风向,微风
141,2011-05-29,31,19,多云,无持续风向,微风
142,2011-05-30,29,20,多云,南风,4-5级~3-4级
143,2011-05-31,31,20,多云~晴,无持续风向,微风
145,2011-06-01,31,18,晴,无持续风向,微风
146,2011-06-02,32,20,晴,南风,3-4级
147,2011-06-03,33,21,晴~多云,南风,3-4级
148,2011-06-04,33,21,多云,无持续风向,微风
149,2011-06-05,33,20,多云,南风,3-4级
150,2011-06-06,32,21,多云,南风,3-4级
151,2011-06-07,35,23,多云~晴,南风,3-4级
152,2011-06-08,37,24,多云,南风~北风,3-4级
153,2011-06-09,34,23,多云~雷阵雨,无持续风向,微风
154,2011-06-10,30,21,阴~多云,无持续风向,微风
155,2011-06-11,31,20,多云~阵雨,无持续风向,微风
156,2011-06-12,32,20,多云~晴,无持续风向,微风
157,2011-06-13,34,21,晴,南风,3-4级
158,2011-06-14,32,23,多云,南风~东南风,3-4级~4-5级
159,2011-06-15,31,20,晴~多云,无持续风向,微风
160,2011-06-16,31,20,多云,无持续风向,微风
161,2011-06-17,31,21,多云~阴,无持续风向,微风
162,2011-06-18,30,21,多云~晴,无持续风向,微风
163,2011-06-19,32,20,晴,无持续风向,微风
164,2011-06-20,30,23,多云,南风,3-4级
165,2011-06-21,31,24,多云~阴,南风~东南风,3-4级
166,2011-06-22,31,21,雷阵雨,无持续风向,微风
167,2011-06-23,28,23,小雨~阴,无持续风向,微风
168,2011-06-24,28,21,阴~多云,无持续风向,微风
169,2011-06-25,28,21,多云,北风,3-4级
170,2011-06-26,28,20,多云,北风,3-4级
171,2011-06-27,30,21,多云~雷阵雨,南风,3-4级
172,2011-06-28,30,23,阴~多云,无持续风向,微风
173,2011-06-29,32,23,多云,无持续风向,微风
174,2011-06-30,34,26,多云,南风,微风
176,2011-07-01,35,25,多云~雷阵雨,无持续风向,微风
177,2011-07-02,32,26,阴~小到中雨,西南风,3-4级
178,2011-07-03,30,25,中到大雨~小到中雨,东北风,3-4级
179,2011-07-04,32,23,多云~晴,无持续风向,微风
180,2011-07-05,30,24,多云~雷阵雨,无持续风向,微风
181,2011-07-06,28,23,大雨~中雨,无持续风向,微风
182,2011-07-07,32,23,阵雨~多云,无持续风向,微风
183,2011-07-08,33,22,多云~晴,无持续风向,微风
184,2011-07-09,35,24,晴~多云,无持续风向,微风
185,2011-07-10,33,24,多云,无持续风向,微风
186,2011-07-11,32,23,多云~阴,无持续风向,微风
187,2011-07-12,31,23,多云,无持续风向,微风
188,2011-07-13,32,23,多云,东风,3-4级
189,2011-07-14,31,23,多云,东南风,3-4级
190,2011-07-15,30,24,多云~阴,无持续风向,微风
191,2011-07-16,30,22,多云,无持续风向,微风
192,2011-07-17,31,22,多云~阴,无持续风向,微风
193,2011-07-18,28,22,中雨,无持续风向,微风
194,2011-07-19,25,22,小到中雨~阵雨,无持续风向,微风
195,2011-07-20,27,23,阵雨~多云,东南风,3-4级
196,2011-07-21,31,24,多云,无持续风向,微风
197,2011-07-22,32,24,多云,无持续风向,微风
198,2011-07-23,34,26,多云~雷阵雨,无持续风向,微风
199,2011-07-24,32,25,雷阵雨~阵雨,无持续风向,微风
200,2011-07-25,31,24,小到中雨~阵雨,东南风,3-4级
201,2011-07-26,35,26,多云,无持续风向,微风
202,2011-07-27,30,25,雷阵雨~多云,无持续风向,微风
203,2011-07-28,35,23,晴,无持续风向,微风
204,2011-07-29,32,25,多云~雷阵雨,东南风,3-4级
205,2011-07-30,30,25,阵雨~阴,无持续风向,微风
206,2011-07-31,33,24,多云~晴,无持续风向,微风
208,2011-08-01,31,22,多云,无持续风向,微风
209,2011-08-02,27,22,小雨~小到中雨,无持续风向,微风
210,2011-08-03,30,22,阴~多云,无持续风向,微风
211,2011-08-04,30,22,多云,东风,3-4级
212,2011-08-05,29,24,雷阵雨~阵雨,东风,3-4级
213,2011-08-06,28,23,阵雨~小雨,东风,3-4级
214,2011-08-07,27,23,小雨~中雨,北风,3-4级~4-5级
215,2011-08-08,30,24,多云,西南风,3-4级
216,2011-08-09,33,24,多云,无持续风向,微风
217,2011-08-10,33,24,雷阵雨~阵雨,无持续风向,微风
218,2011-08-11,30,24,阵雨~雷阵雨,无持续风向,微风
219,2011-08-12,30,24,多云~阵雨,无持续风向,微风
220,2011-08-13,32,23,多云,无持续风向,微风
221,2011-08-14,33,26,多云,南风,3-4级
222,2011-08-15,33,26,雷阵雨~阴,无持续风向,微风
223,2011-08-16,33,25,雷阵雨~中雨,无持续风向,微风
224,2011-08-17,29,22,多云,无持续风向,微风
225,2011-08-18,26,21,小雨,无持续风向,微风
226,2011-08-19,25,20,小雨~中雨,无持续风向,微风
227,2011-08-20,22,19,小雨,无持续风向,微风
228,2011-08-21,27,20,多云,无持续风向,微风
229,2011-08-22,26,20,多云,无持续风向,微风
230,2011-08-23,29,20,多云,无持续风向,微风
231,2011-08-24,29,20,多云,东风,微风
232,2011-08-25,30,20,多云,无持续风向,微风
233,2011-08-26,28,22,雷阵雨~小到中雨,东风~东南风,3-4级
234,2011-08-27,24,21,中雨~小雨,南风,3-4级
235,2011-08-28,27,22,小到中雨,无持续风向,微风
236,2011-08-29,28,23,阴~多云,无持续风向,微风
237,2011-08-30,31,23,多云,东风,3-4级
238,2011-08-31,31,22,晴~多云,无持续风向,微风
240,2011-09-01,30,22,晴~多云,无持续风向,微风
241,2011-09-02,28,20,多云,无持续风向,微风
242,2011-09-03,28,19,多云,无持续风向,微风
243,2011-09-04,29,19,多云,无持续风向,微风
244,2011-09-05,29,19,阵雨~多云,无持续风向,微风
245,2011-09-06,26,18,多云~阵雨,无持续风向,微风
246,2011-09-07,24,18,小雨,无持续风向,微风
247,2011-09-08,24,17,阴~阵雨,东南风,3-4级
248,2011-09-09,26,18,多云~阴,无持续风向,微风
249,2011-09-10,25,17,多云,无持续风向,微风
250,2011-09-11,25,19,阵雨~小雨,东南风,3-4级
251,2011-09-12,24,20,小雨,无持续风向,微风
252,2011-09-13,24,20,小雨,无持续风向,微风
253,2011-09-14,27,22,中到大雨,南风,3-4级
254,2011-09-15,24,19,小到中雨,北风,3-4级
255,2011-09-16,24,18,阴~阵雨,东北风~东风,3-4级
256,2011-09-17,21,14,阵雨~多云,东北风,4-5级
257,2011-09-18,18,13,阴~多云,无持续风向,微风
258,2011-09-19,20,12,多云~晴,北风,4-5级~3-4级
259,2011-09-20,23,13,多云~晴,无持续风向,微风
260,2011-09-21,24,12,晴,无持续风向,微风
261,2011-09-22,26,12,晴,无持续风向,微风
262,2011-09-23,27,14,晴,无持续风向,微风
263,2011-09-24,29,13,晴,无持续风向,微风
264,2011-09-25,29,14,晴,南风,3-4级
265,2011-09-26,27,16,晴,无持续风向,微风
266,2011-09-27,26,17,多云~小雨,无持续风向,微风
267,2011-09-28,22,16,小到中雨~小雨,无持续风向,微风
268,2011-09-29,21,15,多云~晴,无持续风向,微风
269,2011-09-30,22,12,多云,无持续风向,微风
271,2011-10-01,22,12,多云,无持续风向,微风
272,2011-10-02,20,9,阴~多云,北风,3-4级
273,2011-10-03,20,10,多云~晴,无持续风向,微风
274,2011-10-04,19,12,多云,无持续风向,微风
275,2011-10-05,23,14,晴,南风,微风
276,2011-10-06,25,13,晴,无持续风向,微风
277,2011-10-07,27,14,晴,无持续风向,微风
278,2011-10-08,25,16,多云,南风,微风
279,2011-10-09,26,17,多云~晴,无持续风向,微风
280,2011-10-10,22,16,多云,无持续风向,微风
281,2011-10-11,22,15,多云~小雨,东南风,微风
282,2011-10-12,21,15,阵雨,无持续风向,微风
283,2011-10-13,21,11,阵雨,无持续风向,微风
284,2011-10-14,19,12,多云,无持续风向,微风
285,2011-10-15,21,10,晴,北风,3-4级
286,2011-10-16,23,11,晴,北风,3-4级
287,2011-10-17,24,11,晴,无持续风向,微风
288,2011-10-18,24,11,晴,无持续风向,微风
289,2011-10-19,22,13,多云,南风,微风
290,2011-10-20,21,11,多云,无持续风向,微风
291,2011-10-21,22,14,多云,无持续风向,微风
292,2011-10-22,22,14,多云~小雨,无持续风向,微风
293,2011-10-23,18,12,小雨,无持续风向,微风
294,2011-10-24,15,5,多云~晴,北风,3-4级
295,2011-10-25,15,5,晴,无持续风向,微风
296,2011-10-26,15,8,多云~阴,无持续风向,微风
297,2011-10-27,17,11,多云,无持续风向,微风
298,2011-10-28,17,9,阴~多云,无持续风向,微风
299,2011-10-29,19,10,晴,南风,微风
300,2011-10-30,20,10,晴,无持续风向,微风
301,2011-10-31,20,10,多云~晴,无持续风向,微风
303,2011-11-01,19,9,晴~多云,无持续风向,微风
304,2011-11-02,19,11,多云,无持续风向,微风
305,2011-11-03,18,14,阴~小雨,无持续风向,微风
306,2011-11-04,18,13,小雨,无持续风向,微风
307,2011-11-05,17,12,小雨~阴,东北风,3-4级
308,2011-11-06,16,9,多云,无持续风向,微风
309,2011-11-07,15,8,多云~阴,无持续风向,微风
310,2011-11-08,15,7,阴~多云,无持续风向,微风
311,2011-11-09,15,7,多云,北风,3-4级
312,2011-11-10,17,6,晴~多云,无持续风向,微风
313,2011-11-11,16,6,晴~多云,无持续风向,微风
314,2011-11-12,17,7,晴~多云,无持续风向,微风
315,2011-11-13,15,6,晴~多云,无持续风向,微风
316,2011-11-14,17,7,晴~多云,南风,微风
317,2011-11-15,16,9,多云~阴,南风,3-4级
318,2011-11-16,15,12,小雨,无持续风向,微风
319,2011-11-17,16,11,小雨,南风,3-4级
320,2011-11-18,15,7,小雨~多云,无持续风向,微风
321,2011-11-19,10,0,多云~晴,东北风,4-5级~3-4级
322,2011-11-20,11,1,晴,北风~南风,微风
323,2011-11-21,12,5,晴~多云,无持续风向,微风
324,2011-11-22,11,4,小雨,南风~北风,3-4级
325,2011-11-23,8,-2,晴,北风,3-4级
326,2011-11-24,9,1,晴,无持续风向,微风
327,2011-11-25,12,8,多云,无持续风向,微风
328,2011-11-26,15,7,多云,无持续风向,微风
329,2011-11-27,13,6,多云,无持续风向,微风
330,2011-11-28,11,5,小雨~中雨,北风,3-4级
331,2011-11-29,9,1,中雨~小雨,北风,4-5级~3-4级
332,2011-11-30,6,-1,多云~晴,东北风,3-4级
334,2011-12-01,8,-1,晴~多云,无持续风向,微风
335,2011-12-02,8,-1,晴~多云,无持续风向,微风
336,2011-12-03,6,0,晴~多云,无持续风向,微风
337,2011-12-04,7,3,多云~阴,无持续风向,微风
338,2011-12-05,7,5,小雨,东北风,微风
339,2011-12-06,7,4,小雨~阴,东北风~北风,3-4级
340,2011-12-07,6,-1,小雨~多云,北风,3-4级
341,2011-12-08,5,-4,晴,北风,3-4级
342,2011-12-09,4,-5,晴,北风,3-4级
343,2011-12-10,4,-4,晴,北风,3-4级
344,2011-12-11,7,-2,晴,无持续风向,微风
345,2011-12-12,8,-2,晴~多云,无持续风向,微风
346,2011-12-13,9,-1,晴~多云,无持续风向,微风
347,2011-12-14,6,-3,多云~晴,北风,3-4级
348,2011-12-15,3,-6,晴,北风,3-4级
349,2011-12-16,6,-5,晴,无持续风向,微风
350,2011-12-17,2,-7,晴,无持续风向,微风
351,2011-12-18,5,-2,多云,无持续风向,微风
352,2011-12-19,6,-2,晴,无持续风向,微风
353,2011-12-20,7,-1,多云,南风,微风
354,2011-12-21,4,-4,多云,无持续风向,微风
355,2011-12-22,3,-6,多云~晴,无持续风向,微风
356,2011-12-23,4,-5,多云~晴,无持续风向,微风
357,2011-12-24,5,-5,晴,无持续风向,微风
358,2011-12-25,7,-4,晴,北风,微风
359,2011-12-26,7,-1,晴,无持续风向,微风
360,2011-12-27,8,-1,晴~多云,无持续风向,微风
361,2011-12-28,8,0,多云,无持续风向,微风
362,2011-12-29,6,-4,晴~多云,北风,3-4级
363,2011-12-30,5,-2,多云~晴,无持续风向,微风
364,2011-12-31,6,-3,多云~晴,无持续风向,微风
366,2012-01-01,6,-3,多云~晴,无持续风向,微风
367,2012-01-02,4,-5,晴~多云,无持续风向,微风
368,2012-01-03,1,-8,晴,北风,3-4级~微风
369,2012-01-04,1,-8,晴,无持续风向,微风
370,2012-01-05,3,-6,晴,无持续风向,微风
371,2012-01-06,4,-6,晴~多云,无持续风向,微风
372,2012-01-07,4,-3,晴~多云,无持续风向,微风
373,2012-01-08,5,-2,多云,无持续风向,微风
374,2012-01-09,5,-4,多云,无持续风向,微风
375,2012-01-10,5,-4,多云~晴,无持续风向,微风
376,2012-01-11,5,-5,晴,无持续风向,微风
377,2012-01-12,4,-5,晴,无持续风向,微风
378,2012-01-13,5,-4,多云,无持续风向,微风
379,2012-01-14,4,-3,多云~阴,无持续风向,微风
380,2012-01-16,7,-2,多云,无持续风向,微风
381,2012-01-17,6,-1,阴~小雨,无持续风向,微风
382,2012-01-18,6,1,阴~雨夹雪,无持续风向,微风
383,2012-01-19,5,-1,阴,无持续风向,微风
384,2012-01-20,3,-4,阴~多云,北风,3-4级
385,2012-01-21,1,-7,多云,北风,3-4级
386,2012-01-22,-1,-9,多云~晴,无持续风向,微风
387,2012-01-23,1,-9,晴,无持续风向,微风
388,2012-01-24,1,-9,晴,无持续风向,微风
389,2012-01-25,2,-9,晴,无持续风向,微风
390,2012-01-26,6,-6,晴,南风,3-4级
391,2012-01-27,7,-4,晴,无持续风向,微风
392,2012-01-28,6,-3,多云,无持续风向,微风
393,2012-01-29,6,-2,多云,无持续风向,微风
394,2012-01-30,5,-2,小雪,无持续风向,微风
395,2012-01-31,6,-5,多云,无持续风向,微风
397,2012-02-01,2,-8,多云~晴,北风,3-4级
398,2012-02-02,1,-8,晴,无持续风向,微风
399,2012-02-03,4,-4,晴~多云,无持续风向,微风
400,2012-02-04,5,-4,晴~多云,无持续风向,微风
401,2012-02-05,7,1,多云,无持续风向,微风
402,2012-02-06,5,-7,多云~晴,北风,3-4级~4-5级
403,2012-02-07,0,-9,晴,北风,3-4级
404,2012-02-08,2,-7,晴,无持续风向,微风
405,2012-02-09,4,-5,多云,无持续风向,微风
406,2012-02-10,5,-3,多云,无持续风向,微风
407,2012-02-11,8,-4,晴~多云,无持续风向,微风
408,2012-02-12,4,-1,阴~雨夹雪,无持续风向,微风
409,2012-02-13,5,0,阴~雨夹雪,无持续风向,微风
410,2012-02-14,6,-2,阴,北风,微风~3-4级
411,2012-02-15,5,-2,阴~多云,无持续风向,微风
412,2012-02-16,3,-5,多云~晴,北风,3-4级
413,2012-02-17,3,-8,晴,北风,3-4级
414,2012-02-18,5,-5,晴,北风~南风,微风
415,2012-02-19,8,-2,晴,无持续风向,微风
416,2012-02-20,11,3,晴~多云,无持续风向,微风
417,2012-02-21,11,5,多云,无持续风向,微风
418,2012-02-22,10,4,多云,无持续风向,微风
419,2012-02-23,6,0,多云~晴,东北风,3-4级
420,2012-02-24,6,-3,多云~晴,东北风,3-4级
421,2012-02-25,5,-3,多云,无持续风向,微风
422,2012-02-26,5,-2,多云,无持续风向,微风
423,2012-02-27,8,-2,晴,南风,3-4级
424,2012-02-28,9,1,晴,无持续风向,微风
425,2012-02-29,9,3,多云~小雨,无持续风向,微风
427,2012-03-01,7,2,小雨,无持续风向,微风
428,2012-03-02,6,1,阴~多云,无持续风向,微风
429,2012-03-03,7,1,阴~小雨,东风,3-4级
430,2012-03-04,5,3,阴~小雨,无持续风向,微风
431,2012-03-05,8,2,阴~多云,无持续风向,微风
432,2012-03-06,11,3,多云,无持续风向,微风
433,2012-03-07,10,2,多云,无持续风向,微风
434,2012-03-08,10,0,多云~晴,无持续风向,微风
435,2012-03-09,9,0,多云,无持续风向,微风
436,2012-03-10,11,-2,多云~晴,无持续风向~东北风,微风~3-4级
437,2012-03-11,9,-2,晴,无持续风向,微风
438,2012-03-12,10,-1,晴,无持续风向,微风
439,2012-03-13,13,3,晴~多云,南风,3-4级
440,2012-03-14,15,5,晴~多云,无持续风向,微风
441,2012-03-15,14,8,多云~小雨,无持续风向,微风
442,2012-03-16,14,6,阴~多云,无持续风向,微风
443,2012-03-17,16,2,雾~多云,无持续风向,微风
444,2012-03-18,11,0,多云,北风,3-4级
445,2012-03-19,7,-2,阴~多云,东风,3-4级
446,2012-03-20,11,-1,多云~晴,无持续风向,微风
447,2012-03-21,10,4,小雨~小到中雨,无持续风向,微风
448,2012-03-22,7,3,小雨~多云,东北风~北风,3-4级
449,2012-03-23,12,2,多云~晴,北风,3-4级
450,2012-03-24,16,3,晴,无持续风向,微风
451,2012-03-25,18,6,晴,无持续风向,微风
452,2012-03-26,20,8,晴,无持续风向,微风
453,2012-03-27,22,10,晴,南风,3-4级
454,2012-03-28,22,10,晴~多云,南风,3-4级
455,2012-03-29,25,7,多云,南风,3-4级
456,2012-03-30,15,7,多云,西北风,3-4级
457,2012-03-31,19,8,晴~多云,无持续风向,微风
459,2012-04-01,19,11,小雨转多云,南风,3-4级
460,2012-04-02,22,8,小雨转多云,南风,3-4级
461,2012-04-03,22,8,小雨转多云,南风,3-4级
462,2012-04-04,22,8,小雨转多云,南风,3-4级
463,2012-04-05,21,9,小雨转多云,南风,3-4级
464,2012-04-06,21,9,小雨转多云,南风,3-4级
465,2012-04-07,22,8,小雨转多云,南风,3-4级
466,2012-04-08,19,11,小雨转多云,南风,3-4级
467,2012-04-09,22,8,小雨转多云,南风,3-4级
468,2012-04-10,19,11,小雨转多云,南风,3-4级
469,2012-04-11,22,8,小雨转多云,南风,3-4级
470,2012-04-12,21,9,小雨转多云,南风,3-4级
471,2012-04-13,22,10,小雨转多云,南风,3-4级
472,2012-04-14,23,11,多云,南风,3-4级
473,2012-04-15,21,12,多云转晴,南风,3-4级
474,2012-04-16,23,9,多云转晴,微风,小于3级
475,2012-04-17,22,10,晴转多云,南风,3-4级
476,2012-04-18,22,12,多云,南风,3-4级
477,2012-04-19,23,13,多云,微风,小于3级
478,2012-04-20,20,12,多云转小雨,南风,3-4级
479,2012-04-21,26,12,小雨转阴,南风~北风,3-4级
480,2012-04-22,26,15,晴转多云,南风,3-4级
481,2012-04-23,25,17,晴转多云,南风,3-4级
482,2012-04-24,22,14,雷阵雨转大雨,南风~东南风,3-4级
483,2012-04-25,25,10,小雨转多云,微风,小于3级
484,2012-04-26,28,14,晴,北风~南风,3-4级~4-5级
485,2012-04-27,25,16,晴转多云,西南风,3-4级
486,2012-04-28,23,13,晴转多云,东南风,3-4级
487,2012-04-29,24,16,多云,微风,小于3级
488,2012-04-30,23,15,多云,微风,小于3级
490,2012-05-01,29,14,多云转阴,微风,小于3级
491,2012-05-02,30,18,晴,微风,小于3级
492,2012-05-03,30,18,晴,微风,小于3级
493,2012-05-04,31,18,晴,微风,小于3级
494,2012-05-05,31,17,晴转多云,微风,小于3级
495,2012-05-06,33,18,晴,北风~南风,3-4级
496,2012-05-07,31,20,晴转多云,南风,小于3级
497,2012-05-08,30,20,阴转多云,微风,小于3级
498,2012-05-09,30,19,晴,微风,小于3级
499,2012-05-10,30,17,多云转晴,微风,小于3级
500,2012-05-11,31,18,晴,微风,小于3级
501,2012-05-12,27,18,多云转雷阵雨,南风~北风,小于3级
502,2012-05-13,26,14,多云转晴,微风,小于3级
503,2012-05-14,25,16,阴转多云,微风,小于3级
504,2012-05-15,26,14,多云,微风,小于3级
505,2012-05-16,28,16,晴,西北风~西南风,3-4级
506,2012-05-17,30,15,晴,微风,小于3级
507,2012-05-18,32,19,晴转多云,微风,小于3级
508,2012-05-19,31,18,多云,南风,3-4级
509,2012-05-20,30,16,晴,微风,小于3级
510,2012-05-21,27,16,晴转多云,微风,小于3级
511,2012-05-22,27,18,多云,南风,小于3级
512,2012-05-23,27,17,多云,南风,3-4级
513,2012-05-24,28,17,多云,微风,小于3级
514,2012-05-25,28,18,多云,微风,小于3级
515,2012-05-26,30,20,晴转多云,南风,小于3级
516,2012-05-27,31,19,晴,微风,小于3级
517,2012-05-28,33,22,晴转多云,南风,3-4级
518,2012-05-29,28,18,多云转阴,微风,小于3级
519,2012-05-30,28,18,多云,微风,小于3级
520,2012-05-31,29,18,晴转多云,东南风,3-4级
522,2012-06-01,28,19,多云,南风,小于3级
523,2012-06-02,29,18,多云,微风,小于3级
524,2012-06-03,30,20,多云,微风,小于3级
525,2012-06-04,31,20,多云,微风,小于3级
526,2012-06-05,32,22,多云转阴,南风,小于3级
527,2012-06-06,28,21,阵雨,微风,小于3级
528,2012-06-07,31,23,多云转晴,微风,小于3级
529,2012-06-08,32,22,多云,微风,小于3级
530,2012-06-09,34,22,多云,微风,小于3级
531,2012-06-10,34,23,多云转阴,微风,小于3级
532,2012-06-11,31,20,多云,微风,小于3级
533,2012-06-12,34,21,晴,南风,小于3级
534,2012-06-13,35,21,雷阵雨,南风~北风,3-4级
535,2012-06-14,32,21,雷阵雨,南风~北风,3-4级
536,2012-06-15,32,20,晴,北风~微风,3-4级~小于3级
537,2012-06-16,34,21,晴,北风~南风,3-4级
538,2012-06-17,36,24,晴转多云,微风,小于3级
539,2012-06-18,33,22,晴,微风,小于3级
540,2012-06-19,34,22,晴转多云,微风,小于3级
541,2012-06-20,34,21,晴,微风,小于3级
542,2012-06-21,36,24,多云,南风,3-4级
543,2012-06-22,36,24,多云转晴,南风,小于3级
544,2012-06-23,34,24,晴转多云,微风,小于3级
545,2012-06-24,33,21,晴转多云,东风,3-4级
546,2012-06-25,31,22,多云,微风,小于3级
547,2012-06-26,30,23,多云,微风,小于3级
548,2012-06-27,30,22,多云,微风,小于3级
549,2012-06-28,28,21,阴转中雨,东南风~东北风,3-4级
550,2012-06-29,26,22,小到中雨,东南风~北风,小于3级
551,2012-06-30,30,23,多云,微风,小于3级
553,2012-07-01,30,23,多云,微风,小于3级
554,2012-07-02,33,24,多云,微风,小于3级
555,2012-07-03,32,24,阴转多云,微风,小于3级
556,2012-07-04,31,23,中雨转大到暴雨,微风,小于3级
557,2012-07-05,26,21,中到大雨转多云,南风,3-4级
558,2012-07-06,31,24,多云,北风~南风,小于3级
559,2012-07-07,32,24,多云转阵雨,微风,小于3级
560,2012-07-08,28,25,阵雨转中雨,微风,小于3级
561,2012-07-09,29,24,多云转中到大雨,微风,小于3级
562,2012-07-10,31,25,小雨转多云,微风,小于3级
563,2012-07-11,34,27,多云转阴,微风,小于3级
564,2012-07-12,34,25,多云转雷阵雨,南风~北风,小于3级
565,2012-07-13,32,21,多云,微风,小于3级
566,2012-07-14,30,20,多云,微风,小于3级
567,2012-07-15,30,22,多云,微风,小于3级
568,2012-07-16,31,22,晴,微风,小于3级
569,2012-07-17,32,23,多云,微风,小于3级
570,2012-07-18,32,23,多云,东风,小于3级
571,2012-07-19,33,25,多云,微风,小于3级
572,2012-07-20,34,25,多云,微风,小于3级
573,2012-07-21,33,26,多云转阴,微风,小于3级
574,2012-07-22,32,26,多云转雷阵雨,微风,小于3级
575,2012-07-23,32,26,多云转雷阵雨,微风,小于3级
576,2012-07-24,35,26,多云转晴,微风,小于3级
577,2012-07-25,35,26,多云,南风,小于3级
578,2012-07-26,35,27,晴转多云,微风,小于3级
579,2012-07-27,35,27,晴转多云,微风,小于3级
580,2012-07-28,35,27,多云,微风,小于3级
581,2012-07-29,33,27,多云转雷阵雨,微风,小于3级
582,2012-07-30,36,27,多云转阵雨,微风,小于3级
583,2012-07-31,35,26,多云,微风,小于3级
585,2012-08-01,34,27,多云,微风,小于3级
586,2012-08-02,33,25,多云转小雨,微风,小于3级
587,2012-08-03,29,25,小雨,东风,3-4级
588,2012-08-04,30,25,小雨转多云,微风,小于3级
589,2012-08-05,34,25,晴,微风,小于3级
590,2012-08-06,34,25,晴,微风,小于3级
591,2012-08-07,33,24,多云,东北风,小于3级
592,2012-08-08,33,24,多云转阴,东风,3-4级
593,2012-08-09,31,24,阵雨,东风,4-5级
594,2012-08-10,30,24,小雨,东风,3-4级
595,2012-08-11,32,24,多云转阵雨,微风,小于3级
596,2012-08-12,31,24,多云转晴,微风,小于3级
597,2012-08-13,30,23,多云,北风,3-4级
598,2012-08-14,28,23,阵雨,微风,小于3级
599,2012-08-15,28,23,阴转多云,微风,小于3级
600,2012-08-16,30,22,多云,微风,小于3级
601,2012-08-17,30,22,晴转多云,微风,小于3级
602,2012-08-18,30,23,多云转小雨,微风,小于3级
603,2012-08-19,30,24,多云,微风,小于3级
604,2012-08-20,26,22,大到暴雨,微风,小于3级
605,2012-08-21,26,20,小到中雨转多云,微风,小于3级
606,2012-08-22,27,17,晴转多云,微风,小于3级
607,2012-08-23,27,17,晴,微风,小于3级
608,2012-08-24,29,16,晴,微风,小于3级
609,2012-08-25,29,17,晴转多云,东北风,小于3级
610,2012-08-26,26,23,多云转小到中雨,微风,小于3级
611,2012-08-27,27,20,小雨转阵雨,微风,小于3级
612,2012-08-28,29,22,多云转晴,微风,小于3级
613,2012-08-29,32,22,晴,微风,小于3级
614,2012-08-30,32,21,晴,微风,小于3级
615,2012-08-31,31,23,晴,东南风,小于3级
617,2012-09-01,30,23,多云,微风,小于3级
618,2012-09-02,26,22,多云转中到大雨,微风,小于3级
619,2012-09-03,27,17,阴转多云,微风,小于3级
620,2012-09-04,27,17,晴,北风,3-4级
621,2012-09-05,27,15,晴,微风,小于3级
622,2012-09-06,28,15,晴转多云,微风,小于3级
623,2012-09-07,24,19,阴转阵雨,微风,小于3级
624,2012-09-08,25,18,小到中雨转小雨,东风,小于3级
625,2012-09-09,26,18,多云,微风,小于3级
626,2012-09-10,27,15,晴转多云,微风,小于3级
627,2012-09-11,27,17,多云转小雨,微风,小于3级
628,2012-09-12,24,18,小雨转阴,南风~北风,小于3级
629,2012-09-13,26,14,多云,微风,小于3级
630,2012-09-14,26,13,多云转晴,微风,小于3级
631,2012-09-15,26,13,晴,微风,小于3级
632,2012-09-16,28,14,多云转晴,微风,小于3级
633,2012-09-17,26,15,晴,北风,3-4级
634,2012-09-18,28,15,晴,北风~微风,3-4级~小于3级
635,2012-09-19,28,16,多云转小雨,微风,小于3级
636,2012-09-20,27,15,多云转晴,微风,小于3级
637,2012-09-21,26,18,多云转阴,微风,小于3级
638,2012-09-22,25,17,多云转小雨,微风,小于3级
639,2012-09-23,28,16,晴,微风,小于3级
640,2012-09-24,28,18,多云转晴,东北风~东风,小于3级
641,2012-09-25,27,18,多云,微风,小于3级
642,2012-09-26,26,18,多云转阴,微风,小于3级
643,2012-09-27,25,19,多云转阴,微风,小于3级
644,2012-09-28,24,18,晴转多云,北风,3-4级
645,2012-09-29,24,11,晴,北风,3-4级
646,2012-09-30,25,10,晴,北风~南风,小于3级
648,2012-10-01,26,12,晴,北风~西南风,3-4级
649,2012-10-02,28,11,晴,微风,小于3级
650,2012-10-03,26,13,多云,微风,小于3级
651,2012-10-04,26,14,晴转多云,南风~北风,3-4级
652,2012-10-05,25,14,多云,微风,小于3级
653,2012-10-06,24,13,阴转多云,微风,小于3级
654,2012-10-07,24,15,晴转多云,微风,小于3级
655,2012-10-08,24,14,晴转多云,微风,小于3级
656,2012-10-09,25,13,多云,微风,小于3级
657,2012-10-10,22,13,多云转晴,微风,小于3级
658,2012-10-11,24,10,晴,北风~南风,3-4级
659,2012-10-12,25,12,晴,微风,小于3级
660,2012-10-13,23,14,晴转多云,南风~北风,3-4级
661,2012-10-14,23,12,多云,微风,小于3级
662,2012-10-15,23,14,晴转多云,微风,小于3级
663,2012-10-16,20,14,多云转小雨,微风~北风,小于3级~3-4级
664,2012-10-17,19,7,多云转晴,北风,3-4级
665,2012-10-18,21,7,晴,微风,小于3级
666,2012-10-19,23,8,晴,南风~西南风,3-4级
667,2012-10-20,24,13,多云转晴,南风,小于3级
668,2012-10-21,20,13,多云转小雨,微风~北风,小于3级~3-4级
669,2012-10-22,19,12,小雨转多云,北风,3-4级
670,2012-10-23,20,7,晴,微风,小于3级
671,2012-10-24,23,7,晴转多云,微风,小于3级
672,2012-10-25,23,11,晴转多云,微风,小于3级
673,2012-10-26,20,11,多云转小雨,微风,小于3级
674,2012-10-27,22,12,小雨转多云,微风,小于3级
675,2012-10-28,19,10,晴,微风,小于3级
676,2012-10-29,19,10,多云转阴,微风,小于3级
677,2012-10-30,15,8,阴转晴,北风,3-4级
678,2012-10-31,14,3,晴,微风,小于3级
680,2012-11-01,18,4,晴,微风,小于3级
681,2012-11-02,18,6,晴转多云,南风,3-4级
682,2012-11-03,14,8,多云转小雨,南风~西北风,3-4级
683,2012-11-04,11,2,小雨转多云,南风~北风,3-4级~4-5级
684,2012-11-05,12,0,晴,北风,4-5级~3-4级
685,2012-11-06,15,3,晴,北风~西风,3-4级
686,2012-11-07,16,5,晴,微风,小于3级
687,2012-11-08,14,5,多云,微风,小于3级
688,2012-11-09,15,7,多云转阴,微风,小于3级
689,2012-11-10,12,6,小雨转小到中雨,微风~北风,小于3级~3-4级
690,2012-11-11,11,3,阴转多云,北风,4-5级
691,2012-11-12,11,1,晴,微风,小于3级
692,2012-11-13,11,0,晴转多云,西北风,3-4级
693,2012-11-14,11,1,晴,微风,小于3级
694,2012-11-15,11,1,晴转多云,微风,小于3级
695,2012-11-16,12,2,阵雨转多云,微风,小于3级
696,2012-11-17,13,1,晴,北风~南风,小于3级
697,2012-11-18,14,4,晴转多云,微风,小于3级
698,2012-11-19,15,3,晴,北风~南风,3-4级
699,2012-11-20,12,0,晴转多云,微风,小于3级
700,2012-11-21,11,3,多云,微风,小于3级
701,2012-11-22,12,1,阴转多云,北风,3-4级~4-5级
702,2012-11-23,9,2,阴转多云,北风,3-4级
703,2012-11-24,10,-1,晴转多云,微风,小于3级
704,2012-11-25,6,1,多云转小雨,微风~北风,小于3级~3-4级
705,2012-11-26,8,-1,多云转晴,微风,小于3级
706,2012-11-27,12,1,多云,西南风,3-4级
707,2012-11-28,10,3,晴转多云,北风,3-4级
708,2012-11-29,10,-2,晴转多云,微风,小于3级
709,2012-11-30,9,0,多云转晴,微风,小于3级
711,2012-12-01,5,-2,多云转阴,东风,3-4级
712,2012-12-02,10,2,多云,南风,3-4级
713,2012-12-03,8,1,阴转晴,南风~北风,3-4级
714,2012-12-04,7,-4,晴转多云,北风~西南风,3-4级
715,2012-12-05,5,-1,多云转晴,北风,10-11级~3-4级
716,2012-12-06,6,-5,晴转多云,南风,3-4级
717,2012-12-07,6,-3,多云,北风,3-4级
718,2012-12-08,4,-6,晴,微风,微风
719,2012-12-09,4,-6,晴,微风,微风
720,2012-12-10,5,-5,晴转多云,微风,小于3级
721,2012-12-11,5,-5,晴转多云,微风,小于3级
722,2012-12-12,6,-4,晴转多云,微风,小于3级
723,2012-12-13,6,1,多云转中雨,南风~北风,3-4级
724,2012-12-14,6,2,小雨转多云,东南风~北风,3-4级
725,2012-12-15,6,1,阴转多云,微风,小于3级
726,2012-12-16,5,2,阴转多云,微风,小于3级
727,2012-12-17,4,-4,多云转晴,北风,3-4级
728,2012-12-18,4,-4,多云转晴,北风,3-4级
729,2012-12-19,4,-5,晴转多云,北风~南风,3-4级
730,2012-12-20,3,-4,多云转雨夹雪,微风,小于3级
731,2012-12-21,2,-2,中雪转小雪,微风,小于3级
732,2012-12-22,2,-3,阴转多云,北风,3-4级
733,2012-12-23,-1,-10,晴,北风,3-4级
734,2012-12-24,3,-10,晴,微风,小于3级
735,2012-12-25,0,-6,晴转多云,微风,小于3级
736,2012-12-26,1,-8,多云转阴,微风,小于3级
737,2012-12-27,0,-2,多云转小雪,微风,小于3级
738,2012-12-28,4,0,小雪转阴,东风,小于3级
739,2012-12-29,3,-3,小到中雪转小雪,南风~北风,小于3级~3-4级
740,2012-12-30,-2,-9,多云转晴,西北风,3-4级
741,2012-12-31,2,-8,晴,微风,小于3级
743,2013-01-01,1,-9,晴转多云,微风,小于3级
744,2013-01-02,-1,-11,晴,北风,3-4级
745,2013-01-03,-4,-12,晴,微风,小于3级
746,2013-01-04,-3,-12,晴,微风,小于3级
747,2013-01-05,-1,-11,晴,微风,小于3级
748,2013-01-06,1,-6,多云,微风,小于3级
749,2013-01-07,3,-4,多云,微风,小于3级
750,2013-01-08,4,-5,晴转多云,微风,小于3级
751,2013-01-09,1,-8,多云转晴,微风,小于3级
752,2013-01-10,3,-7,多云,南风,3-4级
753,2013-01-11,4,-2,多云,微风,小于3级
754,2013-01-12,5,-4,多云,微风,小于3级
755,2013-01-13,6,-5,多云,微风,小于3级
756,2013-01-14,7,-3,晴,微风,小于3级
757,2013-01-15,6,-5,雾转多云,微风,小于3级
758,2013-01-16,3,-4,多云,微风,小于3级
759,2013-01-17,1,-7,多云转晴,微风,小于3级
760,2013-01-18,5,-5,晴转多云,微风,小于3级
761,2013-01-19,6,-2,晴转多云,微风~东南风,小于3级~3-4级
762,2013-01-20,3,-1,雨夹雪,微风,小于3级
763,2013-01-21,4,-1,雨夹雪转多云,微风,小于3级
764,2013-01-22,3,-3,多云转晴,微风,小于3级
765,2013-01-23,6,-4,晴转多云,南风~北风,3-4级
766,2013-01-24,5,-2,多云转晴,微风,小于3级
767,2013-01-25,5,-5,晴转多云,微风,小于3级
768,2013-01-26,6,-1,晴,微风,小于3级
769,2013-01-27,6,-3,晴,微风,小于3级
770,2013-01-28,8,-1,晴转多云,微风,小于3级
771,2013-01-29,8,0,多云转晴,微风,小于3级
772,2013-01-30,11,0,多云,微风,小于3级
773,2013-01-31,6,2,小雨,微风,小于3级
775,2013-02-01,6,1,阴转多云,微风,小于3级
776,2013-02-02,7,-3,多云转晴,北风~南风,3-4级
777,2013-02-03,5,0,小雨转小到中雨,微风,小于3级
778,2013-02-04,3,-1,多云转小雨,南风~北风,3-4级
779,2013-02-05,2,-3,小雪转多云,微风,小于3级
780,2013-02-06,4,-5,多云,北风,3-4级
781,2013-02-07,0,-4,多云转晴,北风,3-4级
782,2013-02-08,-2,-8,多云,微风,小于3级
783,2013-02-09,2,-8,多云转晴,微风,小于3级
784,2013-02-10,5,-3,晴转多云,微风,小于3级
785,2013-02-11,3,-4,多云转阴,微风,小于3级
786,2013-02-12,4,-1,阴转多云,东风~东北风,3-4级
787,2013-02-13,8,-1,晴转多云,微风,小于3级
788,2013-02-14,6,-2,多云转阴,微风,小于3级
789,2013-02-15,6,-3,多云,微风,小于3级
790,2013-02-16,7,-2,晴转多云,南风,3-4级
791,2013-02-17,7,2,多云转阴,微风,小于3级
792,2013-02-18,3,-4,小雪转阴,东北风,3-4级
793,2013-02-19,4,-5,多云转晴,微风,小于3级
794,2013-02-20,7,-3,晴,微风,小于3级
795,2013-02-21,10,0,多云转晴,微风,小于3级
796,2013-02-22,11,-1,多云转晴,微风,小于3级
797,2013-02-23,12,1,晴转多云,微风,小于3级
798,2013-02-24,10,2,多云转阴,微风,小于3级
799,2013-02-25,13,3,多云,东南风,3-4级
800,2013-02-26,14,3,多云,微风,小于3级
801,2013-02-27,13,5,多云转晴,微风,小于3级
802,2013-02-28,11,4,多云转阴,南风~北风,小于3级
804,2013-03-01,7,1,多云转晴,北风,3-4级
805,2013-03-02,7,-3,晴转多云,微风,小于3级
806,2013-03-03,10,3,晴,微风,小于3级
807,2013-03-04,16,2,晴转多云,微风,小于3级
808,2013-03-05,20,4,晴,南风,3-4级
809,2013-03-06,21,7,晴转多云,南风~西南风,3-4级
810,2013-03-07,21,9,晴,北风~南风,3-4级
811,2013-03-08,26,12,晴,南风,3-4级
812,2013-03-09,25,2,多云,北风,3-4级
813,2013-03-10,11,1,晴,北风~南风,4-5级~3-4级
814,2013-03-11,13,1,晴转多云,南风,3-4级
815,2013-03-12,9,5,阵雨转小雨,微风,小于3级
816,2013-03-13,10,-1,多云转晴,北风,3-4级
817,2013-03-14,11,-1,晴,微风,小于3级
818,2013-03-15,15,5,晴转多云,微风,小于3级
819,2013-03-16,17,5,晴,南风,3-4级
820,2013-03-17,16,6,多云,南风,3-4级
821,2013-03-18,20,5,多云转晴,微风,小于3级
822,2013-03-19,20,3,多云转晴,微风,小于3级
823,2013-03-20,11,3,多云转晴,南风~北风,3-4级
824,2013-03-21,15,2,晴,南风,3-4级
825,2013-03-22,11,1,晴转多云,北风~南风,3-4级
826,2013-03-23,17,4,多云转晴,南风,3-4级
827,2013-03-24,11,3,多云转晴,北风,4-5级~3-4级
828,2013-03-25,12,0,晴,北风~南风,3-4级
829,2013-03-26,13,5,晴,南风,3-4级
830,2013-03-27,19,4,晴转多云,南风~北风,3-4级
831,2013-03-28,15,4,多云,北风~南风,3-4级
832,2013-03-29,14,5,多云,微风,小于3级
833,2013-03-30,11,5,阴转小雨,东南风~东北风,小于3级
834,2013-03-31,17,3,多云转晴,南风,3-4级
836,2013-04-01,16,2,阴转晴,南风~北风,3-4级~4-5级
837,2013-04-02,17,4,晴,北风~南风,3-4级
838,2013-04-03,19,8,多云,微风,小于3级
839,2013-04-04,18,9,多云转阴,微风,小于3级
840,2013-04-05,17,6,小雨,东风~北风,3-4级~5-6级
841,2013-04-06,16,5,小雨转多云,北风,4-5级~3-4级
842,2013-04-07,19,3,晴转多云,南风,3-4级
843,2013-04-08,16,3,多云转晴,微风,小于3级
844,2013-04-09,14,4,多云转晴,北风,3-4级
845,2013-04-10,15,3,多云转晴,微风,小于3级
846,2013-04-11,18,5,多云转晴,西北风,小于3级
847,2013-04-12,23,7,晴,南风,3-4级
848,2013-04-13,28,11,晴,南风,4-5级
849,2013-04-14,22,10,多云转晴,北风,4-5级~3-4级
850,2013-04-15,31,16,晴转多云,南风,3-4级
851,2013-04-16,28,12,多云,微风,小于3级
852,2013-04-17,22,9,晴转多云,东北风~东南风,3-4级
853,2013-04-18,17,9,多云,南风~北风,3-4级
854,2013-04-19,13,6,多云转阴,东北风,3-4级
855,2013-04-20,12,3,多云转晴,微风,小于3级
856,2013-04-21,17,3,多云转晴,北风~南风,小于3级~3-4级
857,2013-04-22,17,6,多云转小雨,南风,3-4级
858,2013-04-23,20,12,多云,微风,小于3级
859,2013-04-24,18,8,多云,微风,小于3级
860,2013-04-25,20,8,晴,微风,小于3级
861,2013-04-26,26,11,晴,北风~南风,3-4级
862,2013-04-27,29,17,晴转多云,南风,3-4级
863,2013-04-28,30,18,多云转阴,微风,小于3级
864,2013-04-29,25,13,多云,北风~南风,3-4级
865,2013-04-30,28,11,晴,微风,小于3级
867,2013-05-01,26,11,晴,微风,小于3级
868,2013-05-02,26,13,多云转阴,南风,3-4级
869,2013-05-03,25,13,阴转多云,微风,小于3级
870,2013-05-04,25,13,晴转多云,微风,小于3级
871,2013-05-05,27,11,晴转多云,东南风,小于3级
872,2013-05-06,29,15,晴,南风,3-4级
873,2013-05-07,23,15,多云,微风,小于3级
874,2013-05-08,20,17,阴转小雨,南风~东南风,3-4级
875,2013-05-09,23,13,小雨转多云,微风,小于3级
876,2013-05-10,26,14,多云转晴,微风,小于3级
877,2013-05-11,31,16,晴,西南风,3-4级
878,2013-05-12,33,19,晴,南风,3-4级
879,2013-05-13,34,21,多云,南风,3-4级
880,2013-05-14,30,16,多云转晴,北风~微风,3-4级~小于3级
881,2013-05-15,29,15,晴转多云,微风,小于3级
882,2013-05-16,27,15,晴转多云,微风,小于3级
883,2013-05-17,24,16,多云转小雨,微风,小于3级
884,2013-05-18,23,16,小雨转多云,微风,小于3级
885,2013-05-19,31,15,多云转晴,微风,小于3级
886,2013-05-20,29,15,多云转晴,北风~南风,3-4级
887,2013-05-21,33,20,晴转多云,南风,3-4级
888,2013-05-22,33,21,晴转多云,微风,小于3级
889,2013-05-23,32,21,多云,微风,小于3级
890,2013-05-24,31,20,多云,南风,3-4级
891,2013-05-25,27,17,阴转小到中雨,南风,3-4级~4-5级
892,2013-05-26,23,20,小雨转大到暴雨,东南风,3-4级~4-5级
893,2013-05-27,24,18,中雨转小雨,北风,4-5级
894,2013-05-28,28,15,多云转阴,北风,3-4级
895,2013-05-29,27,16,阴转多云,西北风~微风,3-4级~小于3级
896,2013-05-30,27,18,晴转多云,微风,小于3级
897,2013-05-31,23,17,多云,微风,小于3级
899,2013-06-01,27,17,阴转多云,微风,小于3级
900,2013-06-02,29,18,多云转晴,微风,小于3级
901,2013-06-03,31,19,多云,南风,3-4级
902,2013-06-04,31,21,晴,南风,3-4级
903,2013-06-05,32,20,晴,南风,3-4级
904,2013-06-06,29,20,多云转阴,南风,3-4级
905,2013-06-07,29,21,多云转阴,微风,小于3级
906,2013-06-08,28,20,阴转多云,微风,小于3级
907,2013-06-09,27,18,多云转雷阵雨,微风,小于3级
908,2013-06-10,25,17,小雨转中雨,微风,小于3级
909,2013-06-11,22,17,小雨转中雨,北风,3-4级
910,2013-06-12,26,15,晴,微风,小于3级
911,2013-06-13,30,16,晴,微风~南风,小于3级~3-4级
912,2013-06-14,31,18,晴转多云,南风,3-4级
913,2013-06-15,32,17,晴,微风,小于3级
914,2013-06-16,33,25,多云,微风,小于3级
915,2013-06-17,35,25,多云转雷阵雨,南风,3-4级
916,2013-06-18,32,22,多云转小雨,微风,小于3级
917,2013-06-19,32,22,多云,微风,小于3级
918,2013-06-20,32,22,多云,微风,小于3级
919,2013-06-21,33,23,多云,微风,小于3级
920,2013-06-22,29,22,多云转雷阵雨,微风,小于3级
921,2013-06-23,29,22,小雨,微风,小于3级
922,2013-06-24,30,19,多云,微风,小于3级
923,2013-06-25,32,23,多云,微风,小于3级
924,2013-06-26,33,23,多云转晴,微风,小于3级
925,2013-06-27,33,23,多云,微风,小于3级
926,2013-06-28,33,23,多云,微风,小于3级
927,2013-06-29,34,25,晴转多云,南风,3-4级
928,2013-06-30,32,22,多云转阴,微风,小于3级
930,2013-07-01,27,24,多云转雷阵雨,南风,3-4级
931,2013-07-02,29,25,雷阵雨,南风,小于3级
932,2013-07-03,33,25,雷阵雨,南风,3-4级
933,2013-07-04,28,24,雷阵雨转暴雨,微风,小于3级
934,2013-07-05,30,23,中雨转多云,南风,4-5级~3-4级
935,2013-07-06,32,23,多云转晴,微风,小于3级
936,2013-07-07,32,25,多云转阴,微风,小于3级
937,2013-07-08,32,25,多云转晴,微风,小于3级
938,2013-07-09,34,27,多云,西南风,小于3级
939,2013-07-10,35,26,多云,微风,小于3级
940,2013-07-11,35,26,多云,微风,小于3级
941,2013-07-12,35,27,多云,微风,小于3级
942,2013-07-13,35,27,雷阵雨转多云,微风,小于3级
943,2013-07-14,32,26,阴转雷阵雨,东南风,小于3级
944,2013-07-15,33,26,多云转小雨,南风,3-4级
945,2013-07-16,29,25,小到中雨转小雨,微风,小于3级
946,2013-07-17,32,25,多云转雷阵雨,微风,小于3级
947,2013-07-18,30,25,阴转雷阵雨,微风,小于3级
948,2013-07-19,28,25,大雨转中到大雨,南风,小于3级
949,2013-07-20,29,24,中到大雨,微风,小于3级
950,2013-07-21,29,24,雷阵雨,微风,小于3级
951,2013-07-22,31,25,小雨转中雨,微风,小于3级
952,2013-07-23,28,25,中雨,微风,小于3级
953,2013-07-24,33,24,多云,微风,小于3级
954,2013-07-25,33,28,雷阵雨转多云,微风,小于3级
955,2013-07-26,35,27,小雨转多云,微风,小于3级
956,2013-07-27,33,27,阴,微风,小于3级
957,2013-07-28,34,27,多云转雷阵雨,南风,3-4级
958,2013-07-29,33,25,雷阵雨,微风,小于3级
959,2013-07-30,34,25,中雨,微风,小于3级
960,2013-07-31,34,26,多云,微风,小于3级
962,2013-08-01,34,26,多云转雷阵雨,微风,小于3级
963,2013-08-02,33,25,雷阵雨,微风,小于3级
964,2013-08-03,33,24,雷阵雨,南风,3-4级
965,2013-08-04,32,25,阴转多云,微风,小于3级
966,2013-08-05,34,27,晴转多云,微风,小于3级
967,2013-08-06,35,26,多云转晴,微风,小于3级
968,2013-08-07,36,26,晴,微风,小于3级
969,2013-08-08,35,28,多云,西南风,小于3级
970,2013-08-09,35,27,多云转阵雨,微风,小于3级
971,2013-08-10,35,27,多云转晴,微风,小于3级
972,2013-08-11,37,28,晴,微风,小于3级
973,2013-08-12,37,29,多云,微风,小于3级
974,2013-08-13,34,25,雷阵雨转多云,微风,小于3级
975,2013-08-14,35,27,多云转晴,微风,小于3级
976,2013-08-15,35,26,晴,微风,小于3级
977,2013-08-16,36,28,晴转多云,微风,小于3级
978,2013-08-17,36,28,多云,微风,小于3级
979,2013-08-18,34,24,多云转晴,微风,小于3级
980,2013-08-19,31,23,晴,微风,小于3级
981,2013-08-20,32,22,多云转晴,微风,小于3级
982,2013-08-21,33,22,晴,微风,小于3级
983,2013-08-22,32,23,晴转阴,微风,小于3级
984,2013-08-23,31,22,多云转小雨,东北风,3-4级
985,2013-08-24,31,26,雷阵雨,东北风,3-4级
986,2013-08-25,31,22,阴转晴,微风,小于3级
987,2013-08-26,31,21,晴,微风,小于3级
988,2013-08-27,32,22,晴转多云,微风,小于3级
989,2013-08-28,32,23,多云转雷阵雨,微风,小于3级
990,2013-08-29,32,25,雷阵雨转多云,微风,小于3级
991,2013-08-30,28,22,多云转晴,微风,小于3级
992,2013-08-31,27,18,晴,北风,3-4级
994,2013-09-01,29,16,晴,微风,小于3级
995,2013-09-02,29,17,晴,微风,小于3级
996,2013-09-03,29,18,晴,微风,小于3级
997,2013-09-04,29,19,晴转多云,微风,小于3级
998,2013-09-05,27,20,多云转阴,微风,小于3级
999,2013-09-06,28,17,晴,微风,小于3级
1000,2013-09-07,30,20,多云,微风,小于3级
1001,2013-09-08,29,20,多云转小雨,微风,小于3级
1002,2013-09-09,25,20,小雨,微风,小于3级
1003,2013-09-10,25,20,小雨转阵雨,微风,小于3级
1004,2013-09-11,29,20,多云,微风,小于3级
1005,2013-09-12,26,21,多云转小雨,微风,小于3级
1006,2013-09-13,29,20,阴转多云,微风,小于3级
1007,2013-09-14,31,20,多云,微风,小于3级
1008,2013-09-15,31,20,晴转多云,东风~东南风,小于3级
1009,2013-09-16,30,22,多云,微风,小于3级
1010,2013-09-17,31,21,晴转多云,微风,小于3级
1011,2013-09-18,30,21,晴转多云,微风,小于3级
1012,2013-09-19,28,19,晴转多云,东南风,小于3级
1013,2013-09-20,28,19,多云转阴,微风,小于3级
1014,2013-09-21,29,21,阴转多云,微风,小于3级
1015,2013-09-22,29,22,多云,微风,小于3级
1016,2013-09-23,25,21,阴转中雨,东风~北风,小于3级
1017,2013-09-24,21,17,中到大雨转小雨,东北风,3-4级~4-5级
1018,2013-09-25,23,12,多云转晴,北风,3-4级
1019,2013-09-26,24,11,晴,微风,小于3级
1020,2013-09-27,23,11,晴转阴,微风,小于3级
1021,2013-09-28,24,14,小雨转多云,微风,小于3级
1022,2013-09-29,26,14,晴转多云,微风,小于3级
1023,2013-09-30,27,16,晴转多云,微风,小于3级
1025,2013-10-01,25,12,阴转多云,微风~北风,小于3级~3-4级
1026,2013-10-02,23,10,晴,北风~微风,3-4级~小于3级
1027,2013-10-03,25,10,晴,微风,小于3级
1028,2013-10-04,26,13,晴转多云,西南风,3-4级
1029,2013-10-05,28,13,晴,微风,小于3级
1030,2013-10-06,26,18,阴,微风,小于3级
1031,2013-10-07,25,15,多云转阴,北风,3-4级
1032,2013-10-08,26,14,晴转多云,北风,3-4级
1033,2013-10-09,28,13,多云转晴,北风~南风,3-4级
1034,2013-10-10,28,15,晴转多云,微风,小于3级
1035,2013-10-11,26,12,多云转晴,北风~南风,3-4级~小于3级
1036,2013-10-12,28,16,晴转多云,微风,小于3级
1037,2013-10-13,28,16,晴转多云,微风,小于3级
1038,2013-10-14,28,16,晴转多云,微风,小于3级
1039,2013-10-15,16,5,多云~晴,微风,小于3级
1040,2013-10-16,18,6,晴,北风~南风,3-4级
1041,2013-10-17,19,6,多云转晴,微风,小于3级
1042,2013-10-18,20,9,晴,微风,小于3级
1043,2013-10-19,21,10,多云转晴,微风,小于3级
1044,2013-10-20,20,9,晴,北风,3-4级
1045,2013-10-21,20,9,晴转多云,微风,小于3级
1046,2013-10-22,21,8,晴转多云,微风,小于3级
1047,2013-10-23,21,9,多云转晴,微风,小于3级
1048,2013-10-24,16,7,晴,北风,3-4级
1049,2013-10-25,18,5,晴,北风,3-4级
1050,2013-10-26,18,4,晴,微风,小于3级
1051,2013-10-27,20,5,晴转多云,微风,小于3级
1052,2013-10-28,21,9,多云,微风,小于3级
1053,2013-10-29,19,10,多云转晴,南风~北风,3-4级
1054,2013-10-30,17,9,多云,微风,小于3级
1055,2013-10-31,15,11,小雨,微风,小于3级
1057,2013-11-01,15,11,小雨,微风,小于3级
1058,2013-11-02,17,10,阴转多云,微风,小于3级
1059,2013-11-03,20,11,多云转晴,微风,小于3级
1060,2013-11-04,19,9,晴,微风,小于3级
1061,2013-11-05,17,7,晴转多云,微风,小于3级
1062,2013-11-06,21,8,多云转晴,微风,小于3级
1063,2013-11-07,18,8,晴,微风,小于3级
1064,2013-11-08,17,8,多云转小雨,微风,小于3级
1065,2013-11-09,17,11,小雨,北风,3-4级~4-5级
1066,2013-11-10,13,5,小雨转多云,北风,4-5级~3-4级
1067,2013-11-11,14,2,晴,北风,3-4级
1068,2013-11-12,15,3,晴,微风,小于3级
1069,2013-11-13,15,3,晴转多云,微风,小于3级
1070,2013-11-14,15,6,多云转晴,微风,小于3级
1071,2013-11-15,18,4,晴转多云,微风,小于3级
1072,2013-11-16,16,3,晴转多云,南风~北风,3-4级~4-5级
1073,2013-11-17,12,1,晴,北风,3-4级
1074,2013-11-18,11,0,晴,微风,小于3级
1075,2013-11-19,13,-1,晴,微风,小于3级
1076,2013-11-20,14,0,晴转多云,微风,小于3级
1077,2013-11-21,14,2,晴转多云,微风,小于3级
1078,2013-11-22,14,4,多云,微风,小于3级
1079,2013-11-23,14,5,晴转多云,微风,小于3级
1080,2013-11-24,11,4,小雨转晴,北风,3-4级
1081,2013-11-25,10,0,多云,北风~微风,3-4级~小于3级
1082,2013-11-26,10,-1,晴,北风,3-4级
1083,2013-11-27,7,-5,晴,微风~北风,小于3级~4-5级
1084,2013-11-28,5,-7,晴,北风,3-4级
1085,2013-11-29,8,-5,晴,北风~南风,3-4级
1086,2013-11-30,10,-2,晴,微风,小于3级
1088,2013-12-01,12,-1,晴,微风,小于3级
1089,2013-12-02,13,0,晴,微风,小于3级
1090,2013-12-03,12,1,多云转阴,微风,小于3级
1091,2013-12-04,13,2,多云转晴,微风,小于3级
1092,2013-12-05,13,1,多云,微风~西北风,小于3级~3-4级
1093,2013-12-06,13,1,晴,微风,小于3级
1094,2013-12-07,12,-1,晴转多云,微风,小于3级
1095,2013-12-08,12,3,多云,微风,小于3级
1096,2013-12-09,7,2,小雨转多云,微风~北风,小于3级~3-4级
1097,2013-12-10,8,-5,晴,北风~南风,3-4级
1098,2013-12-11,8,-5,晴,北风~南风,3-4级
1099,2013-12-12,8,-2,晴,微风,小于3级
1100,2013-12-13,6,-5,晴,微风,小于3级
1101,2013-12-14,8,-3,晴转多云,微风,小于3级
1102,2013-12-15,7,-2,晴转多云,微风,小于3级
1103,2013-12-16,8,-2,多云,微风,小于3级
1104,2013-12-17,7,-1,多云,微风,小于3级
1105,2013-12-18,4,-5,晴转多云,微风,小于3级
1106,2013-12-19,4,-6,晴,北风,3-4级
1107,2013-12-20,4,-7,晴,微风,小于3级
1108,2013-12-21,4,-7,晴,微风,小于3级
1109,2013-12-22,4,-6,晴转多云,微风,小于3级
1110,2013-12-23,5,-4,多云转晴,微风,小于3级
1111,2013-12-24,4,-6,晴,微风,小于3级
1112,2013-12-25,5,-3,多云,微风,小于3级
1113,2013-12-26,1,-5,多云转晴,北风,3-4级~4-5级
1114,2013-12-27,1,-8,晴,北风~西北风,3-4级
1115,2013-12-28,4,-9,晴,微风,小于3级
1116,2013-12-29,5,-7,晴,微风,小于3级
1117,2013-12-30,8,-6,晴,微风,小于3级
1118,2013-12-31,9,-2,晴,微风,小于3级
1120,2014-01-01,12,-3,晴,微风,小于3级
1121,2014-01-02,10,-2,多云,南风~北风,3-4级
1122,2014-01-03,12,-2,多云,微风,小于3级
1123,2014-01-04,8,-3,晴转多云,北风~微风,3-4级~小于3级
1124,2014-01-05,9,-3,多云,微风,小于3级
1125,2014-01-06,8,-1,多云转阴,微风,小于3级
1126,2014-01-07,5,1,多云转小雨,南风~北风,3-4级~4-5级
1127,2014-01-08,6,-5,小雨转小雪,北风,3-4级
1128,2014-01-09,4,-6,晴,东北风,3-4级
1129,2014-01-10,5,-6,多云转晴,微风,小于3级
1130,2014-01-11,7,-2,多云,微风,小于3级
1131,2014-01-12,6,-3,晴转多云,微风,小于3级
1132,2014-01-13,5,-5,多云转晴,微风,小于3级
1133,2014-01-14,6,-4,晴,微风,小于3级
1134,2014-01-15,7,-4,晴转多云,微风,小于3级
1135,2014-01-16,6,-4,多云,微风,小于3级
1136,2014-01-17,7,-4,多云转晴,微风,小于3级
1137,2014-01-18,6,-6,多云转晴,微风,小于3级
1138,2014-01-19,7,-6,多云,微风,小于3级
1139,2014-01-20,6,-4,多云转晴,南风~北风,3-4级
1140,2014-01-21,6,-4,多云转晴,北风,3-4级
1141,2014-01-22,8,-5,晴,西南风,3-4级
1142,2014-01-23,11,-3,晴转多云,微风,小于3级
1143,2014-01-24,12,3,多云转阴,微风,小于3级
1144,2014-01-25,8,2,阴转多云,北风,3-4级
1145,2014-01-26,9,-3,晴,北风~南风,3-4级
1146,2014-01-27,9,-3,晴,南风,3-4级
1147,2014-01-28,12,-1,晴转多云,微风,小于3级
1148,2014-01-29,12,-2,晴转多云,微风,小于3级
1149,2014-01-30,12,3,晴,微风,小于3级
1150,2014-01-31,16,4,多云转阴,南风,3-4级
1152,2014-02-01,13,7,小雨转多云,南风~北风,3-4级~小于3级
1153,2014-02-02,12,6,多云,微风,小于3级
1154,2014-02-03,12,6,多云,微风,小于3级
1155,2014-02-04,5,-6,多云转晴,东北风~微风,3-4级~小于3级
1156,2014-02-05,2,-5,阴转中雪,微风~东风,小于3级~3-4级
1157,2014-02-06,1,-4,中雪转阴,微风,小于3级
1158,2014-02-07,1,-3,小到中雪转小雪,微风,小于3级
1159,2014-02-08,1,-7,多云转晴,微风~东北风,小于3级~3-4级
1160,2014-02-09,1,-5,多云转晴,北风,3-4级
1161,2014-02-10,1,-8,多云转晴,北风,3-4级
1162,2014-02-11,2,-7,晴,微风,小于3级
1163,2014-02-12,2,-6,晴,微风~东北风,小于3级~3-4级
1164,2014-02-13,2,-5,多云转阴,微风,小于3级
1165,2014-02-14,5,-5,晴转多云,微风,小于3级
1166,2014-02-15,7,-1,晴转多云,微风,小于3级
1167,2014-02-16,5,-1,多云转小雨,南风~北风,3-4级
1168,2014-02-17,5,0,小雨,微风,小于3级
1169,2014-02-18,3,-2,雨夹雪,东北风,3-4级
1170,2014-02-19,8,-4,多云转晴,微风,小于3级
1171,2014-02-20,8,-4,晴,微风,小于3级
1172,2014-02-21,10,-2,晴,南风,3-4级
1173,2014-02-22,11,0,多云转晴,微风,小于3级
1174,2014-02-23,12,2,晴转多云,微风,小于3级
1175,2014-02-24,13,3,晴,微风,小于3级
1176,2014-02-25,13,6,多云转阴,微风,小于3级
1177,2014-02-26,13,5,小雨转多云,微风,小于3级
1178,2014-02-27,10,4,小雨转多云,微风,小于3级
1179,2014-02-28,7,2,阴,北风,3-4级
1181,2014-03-01,11,1,阴转多云,微风,小于3级
1182,2014-03-02,13,0,多云转晴,北风~南风,小于3级
1183,2014-03-03,12,3,多云,微风,小于3级
1184,2014-03-04,13,5,阴转多云,南风~北风,3-4级
1185,2014-03-05,11,-1,晴,微风,小于3级
1186,2014-03-06,10,1,阴转多云,微风,小于3级
1187,2014-03-07,11,2,多云,南风,3-4级
1188,2014-03-08,11,0,多云,微风,小于3级
1189,2014-03-09,15,2,晴,微风,小于3级
1190,2014-03-10,17,3,晴,南风,3-4级
1191,2014-03-11,17,4,晴,南风,3-4级
1192,2014-03-12,11,7,小雨转阴,南风~北风,小于3级~3-4级
1193,2014-03-13,12,0,多云转晴,北风,3-4级
1194,2014-03-14,15,2,晴,微风,小于3级
1195,2014-03-15,22,4,晴,微风,小于3级
1196,2014-03-16,23,7,晴转多云,南风,3-4级
1197,2014-03-17,25,9,晴转多云,南风,3-4级
1198,2014-03-18,19,7,多云转阴,微风~东北风,小于3级~3-4级
1199,2014-03-19,12,7,多云转小雨,北风,3-4级
1200,2014-03-20,14,3,阴转晴,微风,小于3级
1201,2014-03-21,17,0,晴,微风,小于3级
1202,2014-03-22,20,5,晴,微风~南风,小于3级~3-4级
1203,2014-03-23,21,6,晴转多云,南风,3-4级
1204,2014-03-24,22,10,多云转晴,微风,小于3级
1205,2014-03-25,23,12,多云,微风,小于3级
1206,2014-03-26,25,8,阴转晴,微风,小于3级
1207,2014-03-27,25,11,晴,南风,小于3级~3-4级
1208,2014-03-28,22,12,多云转阴,微风,小于3级
1209,2014-03-29,23,12,小雨转晴,微风,小于3级
1210,2014-03-30,23,9,晴转多云,微风,小于3级
1211,2014-03-31,23,11,多云转晴,微风,小于3级
1213,2014-04-01,24,11,晴转多云,微风,小于3级
1214,2014-04-02,23,10,多云,微风,小于3级
1215,2014-04-03,20,10,多云转晴,微风,小于3级
1216,2014-04-04,22,4,晴,微风,小于3级
1217,2014-04-05,18,7,晴,南风~北风,3-4级
1218,2014-04-06,21,5,晴,南风,3-4级
1219,2014-04-07,21,10,多云,南风,3-4级
1220,2014-04-08,24,9,晴,微风,小于3级
1221,2014-04-09,27,11,晴,微风,小于3级
1222,2014-04-10,24,13,晴转多云,南风,3-4级
1223,2014-04-11,21,12,多云转阴,东南风,3-4级
1224,2014-04-12,22,13,小雨转多云,微风,小于3级
1225,2014-04-13,24,10,多云转晴,微风,小于3级
1226,2014-04-14,25,10,晴转多云,微风,小于3级
1227,2014-04-15,24,12,多云,南风~东南风,3-4级
1228,2014-04-16,20,11,阴转小雨,南风,3-4级
1229,2014-04-17,24,13,多云,微风,小于3级
1230,2014-04-18,23,12,多云转阴,微风,小于3级
1231,2014-04-19,20,11,阵雨转多云,东南风~东风,3-4级
1232,2014-04-20,22,11,晴转多云,微风,小于3级
1233,2014-04-21,20,12,阴转小雨,微风,小于3级
1234,2014-04-22,22,12,多云转晴,南风,3-4级
1235,2014-04-23,24,13,多云转晴,南风,3-4级
1236,2014-04-24,24,13,晴转多云,北风,3-4级
1237,2014-04-25,22,13,多云转小雨,南风,3-4级
1238,2014-04-26,20,13,中到大雨转阴,东南风,3-4级
1239,2014-04-27,20,13,阴转多云,北风,3-4级
1240,2014-04-28,21,11,多云,北风,3-4级
1241,2014-04-29,23,10,晴转多云,北风,小于3级
1242,2014-04-30,26,11,晴,微风,小于3级
1244,2014-05-01,27,13,晴转多云,西南风,3-4级
1245,2014-05-02,23,15,阴转晴,西南风~北风,3-4级
1246,2014-05-03,25,9,晴转多云,北风~西南风,3-4级
1247,2014-05-04,27,15,晴,南风~北风,3-4级
1248,2014-05-05,24,8,晴转多云,微风,小于3级
1249,2014-05-06,26,9,晴转多云,南风,3-4级
1250,2014-05-07,28,15,多云,西南风~北风,4-5级~3-4级
1251,2014-05-08,29,15,晴,南风,3-4级~4-5级
1252,2014-05-09,26,13,多云,南风,3-4级
1253,2014-05-10,20,14,多云转中雨,南风~北风,3-4级
1254,2014-05-11,20,13,中雨转多云,东风~西南风,3-4级
1255,2014-05-12,28,13,多云转晴,西南风,4-5级~3-4级
1256,2014-05-13,29,17,多云,微风,小于3级
1257,2014-05-14,27,16,多云,南风~北风,3-4级
1258,2014-05-15,28,14,晴,东北风~西风,3-4级
1259,2014-05-16,28,13,晴转多云,微风,小于3级
1260,2014-05-17,28,16,多云,微风,小于3级
1261,2014-05-18,28,15,多云转晴,微风,小于3级
1262,2014-05-19,26,16,多云,微风,小于3级
1263,2014-05-20,31,14,多云转晴,微风,小于3级
1264,2014-05-21,33,19,晴转多云,西南风,3-4级
1265,2014-05-22,34,20,晴,南风,3-4级~4-5级
1266,2014-05-23,32,18,晴转多云,南风,3-4级~4-5级
1267,2014-05-24,28,20,多云转雷阵雨,微风,小于3级
1268,2014-05-25,31,19,多云转阴,微风,小于3级
1269,2014-05-26,32,16,多云,微风,小于3级
1270,2014-05-27,36,19,晴,西风,3-4级
1271,2014-05-28,35,21,晴,北风~南风,3-4级
1272,2014-05-29,36,20,晴,南风,3-4级
1273,2014-05-30,37,21,晴,微风,小于3级
1274,2014-05-31,34,23,多云,南风~东南风,3-4级
1276,2014-06-01,29,19,中到大雨,南风~北风,3-4级
1277,2014-06-02,26,16,多云转晴,微风,小于3级
1278,2014-06-03,28,18,多云,微风,小于3级
1279,2014-06-04,28,18,多云,微风,小于3级
1280,2014-06-05,31,19,多云转晴,微风,小于3级
1281,2014-06-06,32,19,晴转阴,微风,小于3级
1282,2014-06-07,32,22,雷阵雨转多云,微风,小于3级
1283,2014-06-08,32,22,雷阵雨转多云,微风,小于3级
1284,2014-06-09,31,19,多云转雷阵雨,南风~北风,3-4级
1285,2014-06-10,29,18,晴转多云,东风,微风
1286,2014-06-11,31,17,多云转晴,东北风,微风
1287,2014-06-12,33,19,晴,北风,微风
1288,2014-06-13,32,20,晴转多云,东北风,南风小于3级
1289,2014-06-14,32,22,小雨,西南风,南风3-4级
1290,2014-06-15,25,21,小雨转阵雨,东南风,微风
1291,2014-06-16,30,20,多云,东南风,微风
1292,2014-06-17,30,19,多云,东南风,微风
1293,2014-06-18,30,21,多云转雷阵雨,东风,微风
1294,2014-06-19,24,20,雷阵雨转中雨,南风,东北风3-4级
1295,2014-06-20,27,21,阵雨转阴,东北风,微风
1296,2014-06-21,29,19,阴转多云,南风,微风
1297,2014-06-22,31,21,多云转阴,北风,微风
1298,2014-06-23,31,20,晴,北风,东北风转南风小于3级
1299,2014-06-24,28,23,多云转雷阵雨,东风,微风
1300,2014-06-25,31,20,多云,西风,微风
1301,2014-06-26,30,22,多云,南风,微风
1302,2014-06-27,33,22,多云,西北风,微风
1303,2014-06-28,33,22,晴转多云,南风,微风
1304,2014-06-29,33,22,多云,西北风,微风
1305,2014-06-30,33,24,多云转阵雨,南风,微风
1307,2014-07-01,31,22,阵雨转多云,南风,西南风3-4级
1308,2014-07-02,34,22,多云,东风,微风
1309,2014-07-03,32,23,多云转雷阵雨,南风,微风
1310,2014-07-04,31,24,多云转阴,南风,微风
1311,2014-07-05,32,21,多云,东风,微风
1312,2014-07-06,34,23,多云转晴,东南风,微风
1313,2014-07-07,34,23,多云,南风,微风
1314,2014-07-08,32,22,晴转多云,南风,微风
1315,2014-07-09,31,24,多云转阴,西北风,微风
1316,2014-07-10,35,23,阵雨转多云,东北风,微风
1317,2014-07-11,35,23,多云,微风,小于3级
1318,2014-07-12,31,25,多云转阴,微风,小于3级
1319,2014-07-13,33,23,阵雨转多云,微风,小于3级
1320,2014-07-14,31,23,多云,微风,小于3级
1321,2014-07-15,35,23,雷阵雨,西南风,3-4级
1322,2014-07-16,33,23,多云,微风,小于3级
1323,2014-07-17,35,25,晴转多云,微风,小于3级
1324,2014-07-18,33,25,雷阵雨,微风,小于3级
1325,2014-07-19,36,24,雷阵雨转多云,南风,3-4级
1326,2014-07-20,37,25,多云转晴,微风,小于3级
1327,2014-07-21,38,26,多云转雷阵雨,微风,小于3级
1328,2014-07-22,36,28,晴转多云,微风,小于3级
1329,2014-07-23,35,29,雷阵雨,微风,小于3级
1330,2014-07-24,33,26,雷阵雨,东北风,3-4级
1331,2014-07-25,27,24,多云转中雨,东北风,3-4级~4-5级
1332,2014-07-26,31,21,晴,东北风~南风,3-4级
1333,2014-07-27,33,22,晴,微风,小于3级
1334,2014-07-28,32,23,多云,微风,小于3级
1335,2014-07-29,33,24,多云,微风,小于3级
1336,2014-07-30,30,24,阴转阵雨,微风,小于3级
1337,2014-07-31,30,22,雷阵雨转阴,微风,小于3级
1339,2014-08-01,32,23,阵雨转多云,微风,小于3级
1340,2014-08-02,32,24,多云,东北风,3-4级
1341,2014-08-03,34,25,多云,微风,小于3级
1342,2014-08-04,35,26,晴转多云,微风,小于3级
1343,2014-08-05,33,26,多云转雷阵雨,微风,小于3级
1344,2014-08-06,30,24,阵雨转多云,微风,小于3级
1345,2014-08-07,27,21,雷阵雨转小到中雨,微风~东风,小于3级~3-4级
1346,2014-08-08,30,21,多云,微风,小于3级
1347,2014-08-09,27,21,阵雨,微风,小于3级
1348,2014-08-10,30,20,阴转多云,微风,小于3级
1349,2014-08-11,31,21,多云转晴,微风,小于3级
1350,2014-08-12,29,22,多云转阴,微风,小于3级
1351,2014-08-13,28,20,雷阵雨,微风,小于3级
1352,2014-08-14,30,21,多云,微风,小于3级
1353,2014-08-15,30,20,多云,微风,小于3级
1354,2014-08-16,29,22,多云,微风,小于3级
1355,2014-08-17,28,22,多云转雷阵雨,微风,小于3级
1356,2014-08-18,29,19,多云转阵雨,微风,小于3级
1357,2014-08-19,29,20,阵雨转阴,微风,小于3级
1358,2014-08-20,29,20,雷阵雨转多云,微风,小于3级
1359,2014-08-21,32,20,晴,微风,小于3级
1360,2014-08-22,31,22,晴转多云,微风,小于3级
1361,2014-08-23,30,22,多云转阴,微风,小于3级
1362,2014-08-24,27,23,阵雨转多云,微风,小于3级
1363,2014-08-25,30,21,多云转晴,微风,小于3级
1364,2014-08-26,32,20,晴,微风,小于3级
1365,2014-08-27,29,21,多云转阴,微风,小于3级
1366,2014-08-28,29,20,多云,微风,小于3级
1367,2014-08-29,30,18,多云转晴,微风,小于3级
1368,2014-08-30,30,20,多云,微风,小于3级
1369,2014-08-31,28,21,阴转多云,微风,小于3级
1371,2014-09-01,28,20,多云,微风,小于3级
1372,2014-09-02,24,20,小雨,微风,小于3级
1373,2014-09-03,25,18,小雨转多云,微风,小于3级
1374,2014-09-04,29,16,晴,微风,小于3级
1375,2014-09-05,28,19,多云,微风,小于3级
1376,2014-09-06,29,18,晴转多云,南风,3-4级
1377,2014-09-07,29,21,多云,微风,小于3级
1378,2014-09-08,30,21,阴转多云,微风,小于3级
1379,2014-09-09,26,19,多云转小雨,微风,小于3级
1380,2014-09-10,28,19,晴转多云,微风,小于3级
1381,2014-09-11,25,19,多云转小雨,微风,小于3级
1382,2014-09-12,26,18,小雨,微风,小于3级
1383,2014-09-13,26,16,阴转多云,微风,小于3级
1384,2014-09-14,25,19,阴转小雨,微风,小于3级
1385,2014-09-15,23,19,小雨,微风,小于3级
1386,2014-09-16,23,17,小雨,东风,3-4级
1387,2014-09-17,21,17,小到中雨,微风,小于3级
1388,2014-09-18,21,15,小雨,微风,小于3级
1389,2014-09-19,23,18,小雨,微风,小于3级
1390,2014-09-20,26,15,晴,微风,小于3级
1391,2014-09-21,27,17,晴,微风,小于3级
1392,2014-09-22,27,16,晴,微风,小于3级
1393,2014-09-23,25,17,多云转阴,南风~北风,3-4级
1394,2014-09-24,27,18,阴转多云,微风,小于3级
1395,2014-09-25,28,15,多云~晴,微风,小于3级
1396,2014-09-26,27,18,多云,微风,小于3级
1397,2014-09-27,26,20,小雨~多云,南风~北风,3-4级
1398,2014-09-28,23,19,小雨转大雨,东北风,3-4级
1399,2014-09-29,24,17,小雨转多云,北风,3-4级
1400,2014-09-30,22,13,多云,东北风,3-4级
1402,2014-10-01,22,11,晴转阴,微风,小于3级
1403,2014-10-02,22,13,多云,微风,小于3级
1404,2014-10-03,24,14,晴转多云,微风,小于3级
1405,2014-10-04,24,13,晴转多云,微风,小于3级
1406,2014-10-05,24,11,多云转晴,微风,小于3级
1407,2014-10-06,23,11,晴,北风,3-4级
1408,2014-10-07,23,8,晴转多云,微风,小于3级
1409,2014-10-08,24,10,晴转多云,微风,小于3级
1410,2014-10-09,24,12,晴,微风,小于3级
1411,2014-10-10,24,13,晴,微风,小于3级
1412,2014-10-11,25,12,晴转多云,微风,小于3级
1413,2014-10-12,23,12,晴转多云,北风,3-4级
1414,2014-10-13,18,9,多云转晴,北风,4-5级~3-4级
1415,2014-10-14,19,5,晴,微风,小于3级
1416,2014-10-15,23,7,晴,微风,小于3级
1417,2014-10-16,24,9,晴转多云,北风~南风,小于3级
1418,2014-10-17,24,13,多云转晴,西南风~南风,3-4级
1419,2014-10-18,24,11,晴~多云,西南风~南风,3-4级
1420,2014-10-19,20,15,多云转小雨,微风,小于3级
1421,2014-10-20,19,14,中雨,微风,小于3级
1422,2014-10-21,20,15,小到中雨转多云,微风,小于3级
1423,2014-10-22,20,8,多云,北风~南风,小于3级
1424,2014-10-23,20,9,晴,西南风,小于3级
1425,2014-10-24,24,12,晴转多云,西南风,3-4级~小于3级
1426,2014-10-25,25,13,晴转多云,西南风,3-4级
1427,2014-10-26,25,12,晴~多云,西南风~东北风,3-4级~4-5级
1428,2014-10-27,17,10,晴转多云,北风,3-4级
1429,2014-10-28,17,6,晴转多云,微风,小于3级
1430,2014-10-29,19,11,多云转阴,东风,3-4级
1431,2014-10-30,18,12,小雨,东风~东北风,3-4级
1432,2014-10-31,18,14,小雨,东北风~北风,小于3级
1434,2014-11-01,18,12,小雨,微风,小于3级
1435,2014-11-02,14,7,多云转晴,北风,3-4级
1436,2014-11-03,16,4,晴,北风~南风,3-4级
1437,2014-11-04,17,5,晴转多云,微风,小于3级
1438,2014-11-05,19,7,晴转多云,南风~东北风,小于3级
1439,2014-11-06,18,6,多云转晴,北风,3-4级
1440,2014-11-07,13,4,晴,东北风,3-4级
1441,2014-11-08,14,5,晴转多云,微风,小于3级
1442,2014-11-09,14,5,晴转多云,微风,小于3级
1443,2014-11-10,14,5,晴转多云,微风,小于3级
1444,2014-11-11,18,5,晴转多云,微风,小于3级
1445,2014-11-12,13,3,多云转晴,北风,3-4级
1446,2014-11-13,12,-2,晴,微风,小于3级
1447,2014-11-14,14,-1,晴,微风,小于3级
1448,2014-11-15,11,2,多云转阴,微风,小于3级
1449,2014-11-16,14,2,多云转晴,北风,3-4级
1450,2014-11-17,13,0,晴,微风,小于3级
1451,2014-11-18,15,-2,晴,微风,小于3级
1452,2014-11-19,14,0,晴转多云,微风,小于3级
1453,2014-11-20,15,2,多云,微风,小于3级
1454,2014-11-21,17,4,晴转多云,微风,小于3级
1455,2014-11-22,17,7,多云,微风,小于3级
1456,2014-11-23,13,8,小雨,微风,小于3级
1457,2014-11-24,12,8,阴转多云,北风,3-4级
1458,2014-11-25,10,4,阴转多云,微风,小于3级
1459,2014-11-26,12,2,晴转多云,微风,小于3级
1460,2014-11-27,13,6,多云转小到中雨,南风~北风,3-4级
1461,2014-11-28,12,8,小雨转阴,微风,小于3级
1462,2014-11-29,11,5,阴转小雨,微风,小于3级
1463,2014-11-30,10,5,小雨转晴,北风,3-4级~4-5级
1465,2014-12-01,5,-4,晴,西北风,4-5级~3-4级
1466,2014-12-02,4,-8,晴,西北风,3-4级
1467,2014-12-03,4,-5,晴转多云,北风,3-4级
1468,2014-12-04,4,-5,多云转晴,北风,3-4级
1469,2014-12-05,6,-5,晴,微风,小于3级
1470,2014-12-06,7,-5,晴转多云,微风,小于3级
1471,2014-12-07,8,-2,阴转多云,微风,小于3级
1472,2014-12-08,6,-5,晴,北风,小于3级
1473,2014-12-09,7,-3,晴转多云,微风,小于3级
1474,2014-12-10,6,1,小雨,南风~北风,3-4级
1475,2014-12-11,3,-2,阴转晴,北风,3-4级
1476,2014-12-12,5,-4,多云转晴,西北风,3-4级
1477,2014-12-13,6,-7,晴,微风,小于3级
1478,2014-12-14,7,-4,晴转多云,南风,小于3级
1479,2014-12-15,6,-1,多云,微风,小于3级
1480,2014-12-16,4,-5,晴,北风,4-5级~3-4级
1481,2014-12-17,6,-7,晴,北风~南风,4-5级~3-4级
1482,2014-12-18,8,-6,晴转多云,微风~南风,小于3级~3-4级
1483,2014-12-19,10,-1,晴转多云,南风,3-4级
1484,2014-12-20,3,-6,多云转晴,北风,3-4级
1485,2014-12-21,3,-6,多云转晴,西北风,3-4级
1486,2014-12-22,7,-4,晴,北风~南风,3-4级
1487,2014-12-23,9,-2,晴转多云,微风,小于3级
1488,2014-12-24,8,-3,晴转多云,微风~北风,小于3级~3-4级
1489,2014-12-25,6,-6,晴转多云,北风~东风,小于3级
1490,2014-12-26,7,-4,晴转多云,微风,小于3级
1491,2014-12-27,9,-4,晴,东风~南风,小于3级
1492,2014-12-28,9,-3,晴转多云,微风,小于3级
1493,2014-12-29,12,-3,多云转晴,微风,小于3级
1494,2014-12-30,13,-3,晴,微风,小于3级
1495,2014-12-31,4,-4,多云转晴,北风,3-4级
1497,2015-01-01,4,-8,晴,北风~南风,3-4级~小于3级
1498,2015-01-02,8,-7,晴转多云,南风,小于3级
1499,2015-01-03,12,-3,多云转晴,微风,小于3级
1500,2015-01-04,11,-2,晴转多云,南风,3-4级
1501,2015-01-05,9,5,多云转阴,南风~北风,3-4级
1502,2015-01-06,7,-2,阴转多云,西北风~北风,3-4级~4-5级
1503,2015-01-07,7,-4,多云转晴,微风,小于3级
1504,2015-01-08,9,-5,晴转多云,西北风~西风,小于3级
1505,2015-01-09,11,-5,晴,西北风,小于3级
1506,2015-01-10,12,-4,晴,北风~南风,小于3级
1507,2015-01-11,10,-3,晴,南风~北风,3-4级
1508,2015-01-12,7,-3,晴,微风,小于3级
1509,2015-01-13,7,-4,多云,东风,小于3级
1510,2015-01-14,9,-3,多云,微风,小于3级
1511,2015-01-15,9,-2,多云转阴,西北风~南风,小于3级
1512,2015-01-16,8,0,多云转晴,北风,小于3级~3-4级
1513,2015-01-17,6,-6,多云转晴,北风~南风,3-4级
1514,2015-01-18,10,-3,多云转晴,北风~南风,3-4级
1515,2015-01-19,10,-3,晴,北风,3-4级
1516,2015-01-20,10,-1,多云,微风,小于3级
1517,2015-01-21,7,0,小雨转雨夹雪,南风~北风,小于3级~3-4级
1518,2015-01-22,6,-7,多云转晴,北风,3-4级~小于3级
1519,2015-01-23,10,-5,晴,微风,小于3级
1520,2015-01-24,7,-2,晴转小雨,南风,3-4级
1521,2015-01-25,8,1,小雨转多云,北风,小于3级
1522,2015-01-26,8,-1,阴转多云,东北风,小于3级~3-4级
1523,2015-01-27,4,-3,多云,东北风,3-4级
1524,2015-01-28,2,-3,多云转阴,微风,小于3级
1525,2015-01-29,4,-3,小雪,微风,小于3级
1526,2015-01-30,3,-6,多云转晴,北风,3-4级
1527,2015-01-31,3,-5,晴,北风~东北风,小于3级
1529,2015-02-01,4,-5,晴转多云,东风,小于3级
1530,2015-02-02,6,-5,多云,东风,小于3级
1531,2015-02-03,7,-5,多云转晴,微风,小于3级
1532,2015-02-04,6,-3,多云,北风,3-4级
1533,2015-02-05,7,-5,晴,北风,3-4级
1534,2015-02-06,7,-6,晴转多云,微风,小于3级
1535,2015-02-07,9,-3,多云,南风~北风,3-4级~4-5级
1536,2015-02-08,3,-7,多云转晴,北风~南风,4-5级~3-4级
1537,2015-02-09,7,-6,晴转多云,西南风,小于3级~3-4级
1538,2015-02-10,7,-6,晴转多云,西南风,小于3级~3-4级
1539,2015-02-11,11,-2,晴,微风,小于3级
1540,2015-02-12,10,-2,晴转阴,微风,小于3级
1541,2015-02-13,12,-1,晴转阴,南风,小于3级
1542,2015-02-14,17,0,多云转小雨,南风,3-4级
1543,2015-02-15,11,8,小雨转小到中雨,微风,小于3级
1544,2015-02-16,13,2,多云转晴,微风,小于3级
1545,2015-02-17,14,-2,晴,南风~北风,3-4级
1546,2015-02-18,11,0,晴转多云,东北风,小于3级
1547,2015-02-19,8,-2,晴转多云,微风,小于3级
1548,2015-02-20,7,0,小雨,微风,小于3级
1549,2015-02-21,12,3,小雨转多云,北风,小于3级
1550,2015-02-22,7,-1,多云转晴,微风,小于3级
1551,2015-02-23,9,-3,晴,北风~南风,3-4级
1552,2015-02-24,12,-1,多云,南风,小于3级
1553,2015-02-25,14,4,多云,微风,小于3级
1554,2015-02-26,11,2,晴,北风~南风,3-4级
1555,2015-02-27,6,0,晴转阴,南风,3-4级
1556,2015-02-28,4,-1,雨夹雪,东风,3-4级
1558,2015-03-01,12,-2,多云转晴,南风,小于3级
1559,2015-03-02,14,-1,晴转多云,西南风,3-4级
1560,2015-03-03,8,0,多云转晴,南风~西北风,3-4级~4-5级
1561,2015-03-04,6,-6,晴,北风~南风,4-5级~3-4级
1562,2015-03-05,7,-3,晴转多云,微风,小于3级
1563,2015-03-06,9,-2,多云,南风,小于3级
1564,2015-03-07,13,-1,晴转多云,南风,3-4级
1565,2015-03-08,13,3,多云,南风,3-4级
1566,2015-03-09,10,2,多云转晴,北风,4-5级~3-4级
1567,2015-03-10,8,-6,晴,北风~南风,3-4级
1568,2015-03-11,12,-3,晴,微风,小于3级
1569,2015-03-12,17,-2,晴转多云,西南风,3-4级
1570,2015-03-13,17,5,多云转晴,西南风~东北风,3-4级
1571,2015-03-14,16,3,多云,东风~南风,小于3级
1572,2015-03-15,18,6,多云转晴,微风,小于3级
1573,2015-03-16,20,9,多云转阴,南风,3-4级
1574,2015-03-17,15,10,多云转小雨,南风~东北风,3-4级
1575,2015-03-18,12,9,小雨,东南风,3-4级~小于3级
1576,2015-03-19,17,5,阴转多云,北风,小于3级
1577,2015-03-20,19,8,阴转多云,北风~南风,小于3级
1578,2015-03-21,21,6,多云转晴,微风,小于3级
1579,2015-03-22,19,5,晴,微风,小于3级
1580,2015-03-23,15,5,多云转阴,微风,小于3级
1581,2015-03-24,17,3,多云,东南风,小于3级
1582,2015-03-25,17,6,多云,南风,小于3级
1583,2015-03-26,16,7,多云,东南风,3-4级
1584,2015-03-27,18,5,多云,微风,小于3级
1585,2015-03-28,22,8,晴转多云,南风,3-4级
1586,2015-03-29,23,6,晴转多云,南风,3-4级
1587,2015-03-30,25,10,多云,南风,3-4级
1588,2015-03-31,22,16,多云转小雨,南风~东风,小于3级
1590,2015-04-01,18,10,中雨转小雨,东风,3-4级~4-5级
1591,2015-04-02,12,7,中雨转阴,微风,小于3级
1592,2015-04-03,18,5,多云,北风,3-4级
1593,2015-04-04,16,6,多云转阴,微风,小于3级
1594,2015-04-05,17,8,多云转阵雨,北风,3-4级
1595,2015-04-06,12,8,小雨转阴,北风,3-4级
1596,2015-04-07,11,2,多云转晴,东北风~东南风,3-4级~小于3级
1597,2015-04-08,13,0,晴转多云,微风,小于3级
1598,2015-04-09,16,2,多云,南风,3-4级
1599,2015-04-10,18,4,多云转晴,南风,小于3级
1600,2015-04-11,20,6,晴转多云,微风,小于3级
1601,2015-04-12,15,5,雷阵雨,南风~北风,3-4级~4-5级
1602,2015-04-13,10,4,阵雨转雷阵雨,北风,4-5级
1603,2015-04-14,19,3,多云转晴,微风,小于3级
1604,2015-04-15,24,10,晴,南风,3-4级
1605,2015-04-16,20,13,多云转晴,南风~北风,3-4级
1606,2015-04-17,17,10,多云转阵雨,东南风~东风,3-4级
1607,2015-04-18,24,11,多云转雷阵雨,微风,小于3级
1608,2015-04-19,19,9,小到中雨,北风,3-4级~4-5级
1609,2015-04-20,20,7,阴转晴,东北风~北风,3-4级
1610,2015-04-21,22,5,晴转多云,北风~南风,3-4级
1611,2015-04-22,24,8,多云转晴,微风,小于3级
1612,2015-04-23,28,11,晴,微风,小于3级
1613,2015-04-24,26,13,晴,南风~东风,小于3级
1614,2015-04-25,28,12,晴,南风,小于3级
1615,2015-04-26,28,14,晴转多云,微风,小于3级
1616,2015-04-27,28,15,多云转阴,南风,3-4级
1617,2015-04-28,26,17,雷阵雨,微风,小于3级
1618,2015-04-29,24,13,阴转多云,北风,小于3级
1619,2015-04-30,28,12,晴,微风,小于3级
1621,2015-05-01,26,14,晴转多云,南风,3-4级
1622,2015-05-02,23,17,小雨转阴,南风~北风,3-4级
1623,2015-05-03,26,12,多云,北风,小于3级
1624,2015-05-04,24,15,多云转晴,微风,小于3级
1625,2015-05-05,26,11,多云,南风,小于3级
1626,2015-05-06,25,14,多云转小雨,南风,3-4级
1627,2015-05-07,25,14,雷阵雨,南风~北风,3-4级
1628,2015-05-08,26,15,晴,北风,3-4级
1629,2015-05-09,26,15,晴,北风,3-4级
1630,2015-05-10,26,15,晴,北风,3-4级
1631,2015-05-11,26,15,晴,北风,3-4级
1632,2015-05-12,26,15,晴,北风,3-4级
1633,2015-05-13,26,15,晴,北风,3-4级
1634,2015-05-14,29,19,晴,北风,3-4级
1635,2015-05-15,29,17,多云~雷雨,北风,3-4级
1636,2015-05-16,27,13,多云~晴,北风,3-4级
1637,2015-05-17,26,16,晴~多云,北风,3-4级
1638,2015-05-18,27,18,多云,北风,3-4级
1639,2015-05-19,29,17,多云~晴,北风,3-4级
1640,2015-05-20,30,14,晴~多云,北风,3-4级
1641,2015-05-21,26,13,晴,北风,3-4级
1642,2015-05-22,27,16,多云,北风,3-4级
1645,2015-05-24,28,15,晴,北风,3-4级
1646,2015-05-25,30,16,晴,北风,3-4级
1647,2015-05-26,31,18,晴,北风,3-4级
1648,2015-05-27,28,18,多云,北风,3-4级
1649,2015-05-28,28,18,多云,北风,3-4级
1650,2015-05-29,27,18,阵雨,北风,3-4级
1651,2015-05-30,23,17,小雨,北风,3-4级
1652,2015-05-31,29,16,多云~晴,北风,3-4级
1654,2015-06-01,31,21,多云,北风,3-4级
1655,2015-06-02,30,22,阴~多云,北风,3-4级
1656,2015-06-03,30,16,多云,北风,3-4级
1657,2015-06-04,27,17,阴~多云,北风,3-4级
1658,2015-06-05,34,20,晴~多云,北风,3-4级
1659,2015-06-06,34,21,多云,北风,3-4级
1660,2015-06-07,34,22,多云~阴,北风,3-4级
1661,2015-06-08,32,20,多云,北风,3-4级
1662,2015-06-09,33,22,晴~多云,北风,3-4级
1663,2015-06-10,33,22,阴~雷雨,北风,3-4级
1664,2015-06-11,32,22,晴,北风,3-4级
1665,2015-06-12,36,23,多云,北风,3-4级
1666,2015-06-13,34,20,晴~多云,北风,3-4级
1667,2015-06-14,33,20,多云~晴,北风,3-4级
1668,2015-06-15,32,21,晴,北风,3-4级
1669,2015-06-16,32,21,多云,北风,3-4级
1670,2015-06-17,33,20,多云,北风,3-4级
1671,2015-06-18,33,22,晴,北风,3-4级
1672,2015-06-19,30,20,雷雨,北风,3-4级
1673,2015-06-20,28,17,多云,北风,3-4级
1674,2015-06-21,29,19,晴~多云,北风,3-4级
1675,2015-06-22,29,20,多云,北风,3-4级
1676,2015-06-23,28,19,阴~小到中雨,北风,3-4级
1677,2015-06-24,23,19,中到大雨~中雨,北风,3-4级
1678,2015-06-25,23,19,中雨~多云,北风,3-4级
1679,2015-06-26,28,19,多云~阵雨,北风,3-4级
1680,2015-06-27,27,19,阴,北风,3-4级
1681,2015-06-28,28,21,小雨~中雨,北风,3-4级
1682,2015-06-29,25,20,大雨,北风,3-4级
1683,2015-06-30,27,20,多云,北风,3-4级
1685,2015-07-01,30,21,晴~多云,北风,3-4级
1686,2015-07-02,30,19,雷雨,北风,3-4级
1687,2015-07-03,31,19,晴,北风,3-4级
1688,2015-07-04,31,20,晴~多云,北风,3-4级
1689,2015-07-05,30,21,多云,北风,3-4级
1690,2015-07-06,28,20,阵雨~小雨,北风,3-4级
1691,2015-07-07,26,18,多云,北风,3-4级
1692,2015-07-08,28,19,多云~阴,北风,3-4级
1693,2015-07-09,27,21,阴,北风,3-4级
1694,2015-07-10,27,21,小雨~多云,北风,3-4级
1695,2015-07-11,31,23,多云,北风,3-4级
1696,2015-07-12,33,22,阴~多云,北风,3-4级
1697,2015-07-13,36,25,晴,北风,3-4级
1698,2015-07-14,36,25,晴~多云,北风,3-4级
1699,2015-07-15,32,23,小雨~多云,北风,3-4级
1700,2015-07-16,27,22,阴,北风,3-4级
1701,2015-07-17,29,22,小雨~阵雨,北风,3-4级
1702,2015-07-18,30,22,多云~阵雨,北风,3-4级
1703,2015-07-19,28,21,阵雨~多云,北风,3-4级
1704,2015-07-20,29,22,阴~多云,北风,3-4级
1705,2015-07-21,30,24,多云,北风,3-4级
1706,2015-07-22,31,24,多云~阴,北风,3-4级
1707,2015-07-23,29,22,雷阵雨,北风,3-4级
1708,2015-07-24,30,24,阵雨~阴,北风,3-4级
1709,2015-07-25,33,23,多云,北风,3-4级
1710,2015-07-26,33,24,多云,北风,3-4级
1711,2015-07-27,34,25,雷阵雨,北风,3-4级
1712,2015-07-28,33,27,阴,北风,3-4级
1713,2015-07-29,34,26,多云,北风,3-4级
1714,2015-07-30,35,27,多云,北风,3-4级
1715,2015-07-31,33,26,雷阵雨,北风,3-4级
1717,2015-08-01,32,26,多云,北风,3-4级
1718,2015-08-02,32,26,雷阵雨~多云,北风,3-4级
1719,2015-08-03,34,27,阴~多云,北风,3-4级
1720,2015-08-04,34,26,雷阵雨,北风,3-4级
1721,2015-08-05,31,24,雷阵雨~中雨,北风,3-4级
1722,2015-08-06,32,24,中雨,北风,3-4级
1723,2015-08-07,29,23,阵雨~多云,北风,3-4级
1724,2015-08-08,30,24,多云~阵雨,北风,3-4级
1725,2015-08-09,30,23,雷阵雨~阴,北风,3-4级
1726,2015-08-10,30,24,多云~阴,北风,3-4级
1727,2015-08-11,30,22,多云,北风,3-4级
1728,2015-08-12,31,22,晴~多云,北风,3-4级
1729,2015-08-13,33,22,晴,北风,3-4级
1730,2015-08-14,32,24,多云~雷阵雨,北风,3-4级
1731,2015-08-15,32,24,多云~雷阵雨,北风,3-4级
1732,2015-08-16,30,22,晴,北风,3-4级
1733,2015-08-17,31,22,晴,北风,3-4级
1734,2015-08-18,31,23,多云,北风,3-4级
1735,2015-08-19,25,22,小雨~多云,北风,3-4级
1736,2015-08-20,26,21,阵雨~多云,北风,3-4级
1737,2015-08-21,31,21,多云,北风,3-4级
1738,2015-08-22,31,20,阴~阵雨,北风,3-4级
1739,2015-08-23,31,21,多云~阵雨,北风,3-4级
1740,2015-08-24,31,21,晴~多云,北风,3-4级
1741,2015-08-25,30,21,晴~多云,北风,3-4级
1742,2015-08-26,30,20,多云,北风,3-4级
1743,2015-08-27,29,20,雷阵雨~多云,北风,3-4级
1744,2015-08-28,29,20,多云,北风,3-4级
1745,2015-08-29,29,20,多云,北风,3-4级
1746,2015-08-30,30,20,雷阵雨~多云,北风,3-4级
1747,2015-08-31,29,19,雷阵雨~小到中雨,北风,3-4级
1749,2015-09-01,25,19,小雨~阵雨,北风,3-4级
1750,2015-09-02,26,19,阴~多云,北风,3-4级
1751,2015-09-03,29,20,晴~多云,北风,3-4级
1752,2015-09-04,28,20,雷阵雨~小雨,北风,3-4级
1753,2015-09-05,28,20,小雨,北风,3-4级
1754,2015-09-06,26,20,多云,北风,3-4级
1755,2015-09-07,27,18,晴,北风,3-4级
1756,2015-09-08,28,17,多云~晴,北风,3-4级
1757,2015-09-09,29,18,多云,北风,3-4级
1758,2015-09-10,29,18,晴~多云,北风,3-4级
1759,2015-09-11,27,20,多云~小雨,北风,3-4级
1760,2015-09-12,25,13,晴,北风,3-4级
1761,2015-09-13,25,15,多云,北风,3-4级
1762,2015-09-14,25,17,阴,北风,3-4级
1763,2015-09-15,25,15,阴~多云,北风,3-4级
1764,2015-09-16,27,15,多云,北风,3-4级
1765,2015-09-17,28,17,多云,北风,3-4级
1766,2015-09-18,28,18,多云,北风,3-4级
1767,2015-09-19,28,17,多云,北风,3-4级
1768,2015-09-20,29,16,晴,北风,3-4级
1769,2015-09-21,27,20,多云,北风,3-4级
1770,2015-09-22,27,19,多云,北风,3-4级
1771,2015-09-23,28,19,多云,北风,3-4级
1772,2015-09-24,26,17,小雨~多云,北风,3-4级
1773,2015-09-25,28,17,多云~晴,北风,3-4级
1774,2015-09-26,28,15,多云~晴,北风,3-4级
1775,2015-09-27,27,17,晴,北风,3-4级
1776,2015-09-28,27,18,多云,北风,3-4级
1777,2015-09-29,27,19,多云~阴,北风,3-4级
1778,2015-09-30,23,15,小雨,北风,3-4级
1780,2015-10-01,23,9,多云~晴,北风,3-4级
1781,2015-10-02,25,12,晴,北风,3-4级
1782,2015-10-03,27,17,晴,北风,3-4级
1783,2015-10-04,27,15,晴~多云,北风,3-4级
1784,2015-10-05,25,15,多云,北风,3-4级
1785,2015-10-06,25,17,阴~小雨,北风,3-4级
1786,2015-10-07,22,13,小雨~阴,北风,3-4级
1787,2015-10-08,23,7,晴,北风,3-4级
1788,2015-10-09,22,9,多云,北风,3-4级
1789,2015-10-10,19,6,晴,北风,3-4级
1790,2015-10-11,21,7,晴,北风,3-4级
1791,2015-10-12,21,6,晴,北风,3-4级
1792,2015-10-13,25,10,多云,北风,3-4级
1793,2015-10-14,25,13,多云,北风,3-4级
1794,2015-10-15,25,10,晴,北风,3-4级
1795,2015-10-16,26,13,晴,北风,3-4级
1796,2015-10-17,27,12,晴,北风,3-4级
1797,2015-10-18,26,12,多云,北风,3-4级
1798,2015-10-19,26,12,多云~晴,北风,3-4级
1799,2015-10-20,24,12,晴,北风,3-4级
1800,2015-10-21,25,12,晴,北风,3-4级
1801,2015-10-22,25,11,晴~多云,北风,3-4级
1802,2015-10-23,22,14,多云,北风,3-4级
1803,2015-10-24,22,12,多云,北风,3-4级
1804,2015-10-25,20,10,阴~小雨,北风,3-4级
1805,2015-10-26,16,8,小到中雨~多云,北风,3-4级
1806,2015-10-27,17,5,晴,北风,3-4级
1807,2015-10-28,19,7,晴~多云,北风,3-4级
1808,2015-10-29,19,6,晴~多云,北风,3-4级
1809,2015-10-30,14,4,晴,北风,3-4级
1810,2015-10-31,14,4,晴~多云,北风,3-4级
1812,2015-11-01,14,2,多云~晴,北风,3-4级
1813,2015-11-02,14,2,阴~晴,北风,3-4级
1814,2015-11-03,19,5,晴,北风,3-4级
1815,2015-11-04,19,8,晴~多云,北风,3-4级
1816,2015-11-05,18,11,小雨~中到大雨,北风,3-4级
1817,2015-11-06,14,10,中雨,北风,3-4级
1818,2015-11-07,17,9,小雨~中雨,北风,3-4级
1819,2015-11-08,12,3,多云,北风,3-4级
1820,2015-11-09,15,4,晴,北风,3-4级
1821,2015-11-10,13,4,多云~晴,北风,3-4级
1822,2015-11-11,13,6,多云,北风,3-4级
1823,2015-11-12,14,10,阴,北风,3-4级
1824,2015-11-13,14,8,多云~小雨,北风,3-4级
1825,2015-11-14,16,7,多云,北风,3-4级
1826,2015-11-15,15,13,阴~小雨,北风,3-4级
1827,2015-11-16,14,7,多云,北风,3-4级
1828,2015-11-17,16,7,多云,北风,3-4级
1829,2015-11-18,14,6,多云~小雨,北风,3-4级
1830,2015-11-19,12,5,阴~多云,北风,3-4级
1831,2015-11-20,12,7,多云~阴,北风,3-4级
1832,2015-11-21,12,9,阴~小雨,北风,3-4级
1833,2015-11-22,11,8,小雨,北风,3-4级
1834,2015-11-23,6,2,阵雨~雨夹雪,北风,3-4级
1835,2015-11-24,-1,-7,中雪~阴,北风,3-4级
1836,2015-11-25,-2,-12,小雪~多云,北风,3-4级
1837,2015-11-26,-2,-10,小雪~多云,北风,3-4级
1838,2015-11-27,-1,-9,晴,北风,3-4级
1839,2015-11-28,7,-2,晴~多云,北风,3-4级
1840,2015-11-29,5,-3,晴,北风,3-4级
1841,2015-11-30,8,0,晴~多云,北风,3-4级
1843,2015-12-01,9,3,小雨~多云,北风,3-4级
1844,2015-12-02,10,4,小雨~多云,北风,3-4级
1845,2015-12-03,7,-4,晴,北风,3-4级
1846,2015-12-04,7,-2,晴,北风,3-4级
1847,2015-12-05,8,-2,晴~多云,北风,3-4级
1848,2015-12-06,8,-3,阴,北风,3-4级
1849,2015-12-07,8,-1,阴~多云,北风,3-4级
1850,2015-12-08,7,0,阴~晴,北风,3-4级
1851,2015-12-09,11,2,多云,北风,3-4级
1852,2015-12-10,11,5,多云,北风,3-4级
1853,2015-12-11,12,5,多云,北风,3-4级
1854,2015-12-12,7,-2,晴~多云,北风,3-4级
1855,2015-12-13,7,0,多云~阴,北风,3-4级
1856,2015-12-14,7,-2,多云~阴,北风,3-4级
1857,2015-12-15,8,-3,多云,北风,3-4级
1858,2015-12-16,3,-7,晴,北风,3-4级
1859,2015-12-17,3,-7,晴,北风,3-4级
1860,2015-12-18,6,-3,多云~晴,北风,3-4级
1861,2015-12-19,6,-1,多云~阴,北风,3-4级
1862,2015-12-20,7,-2,小雨~多云,北风,3-4级
1863,2015-12-21,8,3,多云~小雨,北风,3-4级
1864,2015-12-22,7,4,小雨,北风,3-4级
1865,2015-12-23,9,6,阴,北风,3-4级
1866,2015-12-24,8,-2,多云,北风,3-4级
1867,2015-12-25,9,-1,雾~多云,北风,3-4级
1868,2015-12-26,11,-1,多云,北风,3-4级
1869,2015-12-27,5,-4,多云,北风,3-4级
1870,2015-12-28,5,-3,晴,北风,3-4级
1871,2015-12-29,7,-2,多云,北风,3-4级
1872,2015-12-30,8,-4,晴,北风,3-4级
1873,2015-12-31,7,-2,晴,北风,3-4级
1875,2016-01-01,8,0,多云,北风,3-4级
1876,2016-01-02,12,0,晴,北风,3-4级
1877,2016-01-03,12,3,多云,北风,3-4级
1878,2016-01-04,7,-2,多云,北风,3-4级
1879,2016-01-05,8,-1,多云,北风,3-4级
1880,2016-01-06,6,-4,多云,北风,3-4级
1881,2016-01-07,4,-5,多云,北风,3-4级
1882,2016-01-08,6,-4,多云~晴,北风,3-4级
1883,2016-01-09,7,-2,多云,北风,3-4级
1884,2016-01-10,7,-2,多云,北风,3-4级
1885,2016-01-11,3,-5,多云,北风,3-4级
1886,2016-01-12,1,-7,多云,北风,3-4级
1887,2016-01-13,4,-6,多云~晴,北风,3-4级
1888,2016-01-14,6,-6,晴,北风,3-4级
1889,2016-01-15,6,-3,多云,北风,3-4级
1890,2016-01-16,6,-6,多云,北风,3-4级
1891,2016-01-17,5,-8,阴~多云,北风,3-4级
1892,2016-01-18,1,-6,多云,北风,3-4级
1893,2016-01-19,2,-7,多云,北风,3-4级
1894,2016-01-20,1,-6,多云~阴,北风,3-4级
1895,2016-01-21,2,-5,多云~阴,北风,3-4级
1896,2016-01-22,2,-9,小雪~阴,北风,3-4级
1897,2016-01-23,-4,-15,多云~晴,北风,3-4级
1898,2016-01-24,-5,-12,晴,北风,3-4级
1899,2016-01-25,2,-7,多云,北风,3-4级
1900,2016-01-26,4,-6,晴~多云,北风,3-4级
1901,2016-01-27,6,-3,多云,北风,3-4级
1902,2016-01-28,8,-1,多云,北风,3-4级
1903,2016-01-29,5,-3,多云,北风,3-4级
1904,2016-01-30,3,-4,多云,北风,3-4级
1905,2016-01-31,2,-5,小雪~多云,北风,3-4级
1907,2016-02-01,3,-5,晴,北风,3-4级
1908,2016-02-02,6,-5,晴,北风,3-4级
1909,2016-02-03,8,-2,晴,北风,3-4级
1910,2016-02-04,8,-2,多云,北风,3-4级
1911,2016-02-05,6,-6,多云~晴,北风,3-4级
1912,2016-02-06,6,-5,晴,北风,3-4级
1913,2016-02-07,7,-2,晴,北风,3-4级
1914,2016-02-08,14,-2,晴,北风,3-4级
1915,2016-02-09,14,3,多云,北风,3-4级
1916,2016-02-10,15,7,阴~小雨,北风,3-4级
1917,2016-02-11,13,8,小雨~阴,北风,3-4级
1918,2016-02-12,15,7,小到中雨~中到大雨,北风,3-4级
1919,2016-02-13,2,-3,小雨~多云,北风,3-4级
1920,2016-02-14,1,-6,晴,北风,3-4级
1921,2016-02-15,4,-5,晴,北风,3-4级
1922,2016-02-16,4,-6,晴~多云,北风,3-4级
1923,2016-02-17,11,0,多云,北风,3-4级
1924,2016-02-18,12,-2,晴~多云,北风,3-4级
1925,2016-02-19,12,-2,晴~多云,北风,3-4级
1926,2016-02-20,12,-2,晴,北风,3-4级
1927,2016-02-21,8,-4,晴,北风,3-4级
1928,2016-02-22,9,-1,多云~雨夹雪,北风,3-4级
1929,2016-02-23,10,1,阴~多云,北风,3-4级
1930,2016-02-24,9,-1,晴,北风,3-4级
1931,2016-02-25,12,0,多云,北风,3-4级
1932,2016-02-26,12,3,多云,北风,3-4级
1933,2016-02-27,15,1,多云~小雨,北风,3-4级
1934,2016-02-28,10,-3,多云~晴,北风,3-4级
1935,2016-02-29,9,-1,晴,北风,3-4级
1937,2016-03-01,12,2,晴,北风,3-4级
1938,2016-03-02,17,6,晴,北风,3-4级
1939,2016-03-03,21,7,多云,北风,3-4级
1940,2016-03-04,22,9,多云~小雨,北风,3-4级
1941,2016-03-05,13,3,多云,北风,3-4级
1942,2016-03-06,16,7,多云,北风,3-4级
1943,2016-03-07,17,7,小雨,北风,3-4级
1944,2016-03-08,7,-1,多云,北风,3-4级
1945,2016-03-09,9,-2,多云,北风,3-4级
1946,2016-03-10,9,-4,晴,北风,3-4级
1947,2016-03-11,12,0,晴,北风,3-4级
1948,2016-03-12,12,2,阴,北风,3-4级
1949,2016-03-13,12,-1,小雨~多云,北风,3-4级
1950,2016-03-14,14,2,晴~多云,北风,3-4级
1951,2016-03-15,14,2,多云,北风,3-4级
1952,2016-03-16,16,7,多云~阴,北风,3-4级
1953,2016-03-17,19,8,多云,北风,3-4级
1954,2016-03-18,19,8,多云,北风,3-4级
1955,2016-03-19,20,5,晴,北风,3-4级
1956,2016-03-20,19,3,晴,北风,3-4级
1957,2016-03-21,18,3,多云~晴,北风,3-4级
1958,2016-03-22,18,6,多云,北风,3-4级
1959,2016-03-23,15,0,多云,北风,3-4级
1960,2016-03-24,15,2,多云~晴,北风,3-4级
1961,2016-03-25,15,3,晴,北风,3-4级
1962,2016-03-26,16,4,多云,北风,3-4级
1963,2016-03-27,19,7,晴,北风,3-4级
1964,2016-03-28,22,9,多云,北风,3-4级
1965,2016-03-29,23,9,晴,北风,3-4级
1966,2016-03-30,23,11,多云,北风,3-4级
1967,2016-03-31,23,12,晴~多云,北风,3-4级
1969,2016-04-01,25,13,多云,北风,3-4级
1970,2016-04-02,25,13,多云~阴,北风,3-4级
1971,2016-04-03,17,6,多云,北风,3-4级
1972,2016-04-04,16,5,阴~多云,北风,3-4级
1973,2016-04-05,21,12,阴,北风,3-4级
1974,2016-04-06,17,10,小雨,北风,3-4级
1975,2016-04-07,22,10,多云,北风,3-4级
1976,2016-04-08,25,12,多云,北风,3-4级
1977,2016-04-09,27,13,晴,北风,3-4级
1978,2016-04-10,27,12,多云,北风,3-4级
1979,2016-04-11,22,11,多云,北风,3-4级
1980,2016-04-12,25,13,阴~多云,北风,3-4级
1981,2016-04-13,29,13,晴~多云,北风,3-4级
1982,2016-04-14,27,12,晴,北风,3-4级
1983,2016-04-15,26,13,阴~小到中雨,北风,3-4级
1984,2016-04-16,16,8,小雨~多云,北风,3-4级
1985,2016-04-17,19,11,多云,北风,3-4级
1986,2016-04-18,20,11,晴,北风,3-4级
1987,2016-04-19,24,14,多云~阴,北风,3-4级
1988,2016-04-20,20,11,多云,北风,3-4级
1989,2016-04-21,27,14,多云~晴,北风,3-4级
1990,2016-04-22,25,14,多云,北风,3-4级
1991,2016-04-23,22,11,多云,北风,3-4级
1992,2016-04-24,20,13,小雨~多云,北风,3-4级
1993,2016-04-25,24,11,晴~多云,北风,3-4级
1994,2016-04-26,20,14,雷阵雨~阴,北风,3-4级
1995,2016-04-27,23,14,多云,北风,3-4级
1996,2016-04-28,22,10,晴,北风,3-4级
1997,2016-04-29,27,15,多云,北风,3-4级
1998,2016-04-30,30,18,晴~多云,北风,3-4级
2000,2016-05-01,30,21,小雨~小到中雨,北风,3-4级
2001,2016-05-02,24,13,中雨~多云,北风,3-4级
2002,2016-05-03,25,12,多云~晴,北风,3-4级
2003,2016-05-04,28,17,晴~多云,北风,3-4级
2004,2016-05-05,30,18,雷阵雨,北风,3-4级
2005,2016-05-06,26,16,晴,北风,3-4级
2006,2016-05-07,24,13,多云,北风,3-4级
2007,2016-05-08,23,14,多云~小雨,北风,3-4级
2008,2016-05-09,23,10,阵雨~多云,北风,3-4级
2009,2016-05-10,24,13,晴,北风,3-4级
2010,2016-05-11,24,12,晴,北风,3-4级
2011,2016-05-12,30,10,雷阵雨~多云,北风,3-4级
2012,2016-05-13,22,12,多云,北风,3-4级
2013,2016-05-14,25,14,小雨~中到大雨,北风,3-4级
2014,2016-05-15,22,10,多云~晴,北风,3-4级
2015,2016-05-16,27,13,晴,北风,3-4级
2016,2016-05-17,26,13,晴,北风,3-4级
2017,2016-05-18,27,13,晴,北风,3-4级
2018,2016-05-19,27,15,多云,北风,3-4级
2019,2016-05-20,26,19,多云,北风,3-4级
2020,2016-05-21,27,15,阴,北风,3-4级
2021,2016-05-22,28,17,多云~小雨,北风,3-4级
2022,2016-05-23,20,15,小雨~多云,北风,3-4级
2023,2016-05-24,29,17,多云,北风,3-4级
2024,2016-05-25,30,17,多云,北风,3-4级
2025,2016-05-26,29,19,多云,北风,3-4级
2026,2016-05-27,29,19,多云,北风,3-4级
2027,2016-05-28,21,15,阴,北风,3-4级
2028,2016-05-29,28,16,晴,北风,3-4级
2029,2016-05-30,30,20,晴~多云,北风,3-4级
2030,2016-05-31,30,20,晴~阵雨,北风,3-4级
2032,2016-06-01,29,18,多云~晴,北风,3-4级
2033,2016-06-02,29,17,多云,北风,3-4级
2034,2016-06-03,24,17,多云,北风,3-4级
2035,2016-06-04,28,17,晴~多云,北风,3-4级
2036,2016-06-05,27,18,阴~雷阵雨,暂无实况,None
2037,2016-06-06,26,18,阵雨,暂无实况,None
2038,2016-06-07,28,19,阴~阵雨,北风,3-4级
2039,2016-06-08,30,20,晴,北风,3-4级
2040,2016-06-09,30,20,多云,北风,3-4级
2041,2016-06-10,31,21,多云,北风,3-4级
2042,2016-06-11,30,22,阴,北风,3-4级
2043,2016-06-12,30,20,阵雨~多云,北风,3-4级
2044,2016-06-13,30,25,雷阵雨~多云,北风,3-4级
2045,2016-06-14,32,21,雷阵雨~阴,北风,3-4级
2046,2016-06-15,25,17,晴,北风,3-4级
2047,2016-06-16,32,21,晴,北风,3-4级
2048,2016-06-17,34,22,多云,北风,3-4级
2049,2016-06-18,34,23,多云,北风,3-4级
2050,2016-06-19,33,23,阴~雷阵雨,北风,3-4级
2051,2016-06-20,31,24,雷阵雨,北风,3-4级
2052,2016-06-21,33,25,阴,北风,3-4级
2053,2016-06-22,35,28,晴~多云,北风,3-4级
2054,2016-06-23,30,20,暴雨~雷阵雨,北风,3-4级
2055,2016-06-24,31,19,多云~晴,北风,3-4级
2056,2016-06-25,32,19,晴~多云,北风,3-4级
2057,2016-06-26,31,22,晴~多云,北风,3-4级
2058,2016-06-27,30,20,多云,北风,3-4级
2059,2016-06-28,30,20,多云,北风,3-4级
2060,2016-06-29,30,24,多云,北风,3-4级
2061,2016-06-30,33,23,多云~中到大雨,北风,3-4级
2063,2016-07-01,28,22,阵雨~多云,北风,3-4级
2064,2016-07-02,32,24,多云,北风,3-4级
2065,2016-07-03,31,22,多云,北风,3-4级
2066,2016-07-04,28,19,多云,北风,3-4级
2067,2016-07-05,30,21,多云~阴,北风,3-4级
2068,2016-07-06,31,23,多云~阴,北风,3-4级
2069,2016-07-07,30,24,阴,北风,3-4级
2070,2016-07-08,31,23,多云,北风,3-4级
2071,2016-07-09,29,23,多云,北风,3-4级
2072,2016-07-10,30,22,多云,北风,3-4级
2073,2016-07-11,30,22,多云,北风,3-4级
2074,2016-07-12,31,23,多云~中雨,北风,3-4级
2075,2016-07-13,30,24,阵雨~多云,北风,3-4级
2076,2016-07-14,30,22,多云转小到中雨,北风,3-4级
2077,2016-07-15,22,18,小雨转多云,北风,3-4级
2078,2016-07-16,28,21,多云转雷阵雨,北风,3-4级
2079,2016-07-17,28,23,阴转多云,北风,3-4级
2080,2016-07-18,30,24,多云转阵雨,北风,3-4级
2081,2016-07-19,29,25,雷阵雨,北风,3-4级
2082,2016-07-20,28,25,小到中雨,北风,3-4级
2083,2016-07-21,31,26,多云,北风,3-4级
2084,2016-07-22,33,27,多云,北风,3-4级
2085,2016-07-23,35,28,晴,北风,3-4级
2086,2016-07-24,36,28,晴,北风,3-4级
2087,2016-07-25,37,27,晴,北风,3-4级
2088,2016-07-26,34,26,多云,北风,3-4级
2089,2016-07-27,34,26,雷阵雨,北风,3-4级
2090,2016-07-28,34,27,多云,北风,3-4级
2091,2016-07-29,35,27,多云,北风,3-4级
2092,2016-07-30,33,26,雷阵雨,北风,3-4级
2093,2016-07-31,32,26,雷阵雨,北风,3-4级
2095,2016-08-01,33,25,雷阵雨,北风,3-4级
2096,2016-08-02,28,22,暴雨,北风,3-4级
2097,2016-08-03,31,24,多云,西风,1级
2098,2016-08-04,31,24,多云,西风,1级
2099,2016-08-05,31,25,多云,东风,1级
2100,2016-08-06,29,25,雷阵雨,东北风,1级
2101,2016-08-07,30,25,多云,南风,2级
2102,2016-08-08,30,24,阵雨,北风,微风
2103,2016-08-09,32,25,多云,南风,1级
2104,2016-08-10,33,27,晴,东风,1级
2105,2016-08-11,34,26,多云,南风,1级
2106,2016-08-12,34,27,晴,东南风,1级
2107,2016-08-13,34,26,多云,北风,微风
2108,2016-08-14,34,27,多云,西北风,1级
2109,2016-08-15,33,27,多云,东风,3级
2110,2016-08-16,31,26,阴,东风,2级
2111,2016-08-17,32,24,多云,东南风,1级
2112,2016-08-18,33,26,多云,东南风,1级
2113,2016-08-19,31,24,雷阵雨,西北风,1级
2114,2016-08-20,31,24,阴,北风,2级
2115,2016-08-21,31,25,多云,东北风,1级
2116,2016-08-22,32,23,多云,东风,2级
2117,2016-08-23,32,23,晴,北风,微风
2118,2016-08-24,33,23,晴,东南风,1级
2119,2016-08-25,32,22,雷阵雨,东北风,4级
2120,2016-08-26,27,18,多云,北风,2级
2121,2016-08-27,29,16,晴,西北风,1级
2122,2016-08-28,29,17,晴,东北风,2级
2123,2016-08-29,31,16,晴,西北风,2级
2124,2016-08-30,31,20,晴,西南风,1级
2125,2016-08-31,32,19,晴,西南风,2级
2127,2016-09-01,32,17,晴,西北风,2级
2128,2016-09-02,33,18,晴,西南风,1级
2129,2016-09-03,32,21,晴,北风,微风
2130,2016-09-04,32,20,晴,南风,1级
2131,2016-09-05,34,21,多云,西南风,1级
2132,2016-09-06,33,22,多云,南风,1级
2133,2016-09-07,29,18,多云,北风,微风
2134,2016-09-08,31,20,晴,东风,1级
2135,2016-09-09,32,22,晴,东风,1级
2136,2016-09-10,30,19,多云,东北风,1级
2137,2016-09-11,31,19,雷阵雨,南风,2级
2138,2016-09-12,29,20,多云,东北风,1级
2139,2016-09-13,30,21,阵雨,东北风,1级
2140,2016-09-14,28,20,多云,东北风,1级
2141,2016-09-15,29,20,多云,东北风,1级
2142,2016-09-16,30,19,多云,东风,1级
2143,2016-09-17,29,19,晴,北风,微风
2144,2016-09-18,30,17,多云,东北风,1级
2145,2016-09-19,27,15,多云,北风,2级
2146,2016-09-20,27,14,晴,北风,1级
2147,2016-09-21,28,15,晴,南风,1级
2148,2016-09-22,28,16,晴,南风,2级
2149,2016-09-23,29,18,晴,南风,1级
2150,2016-09-24,29,19,多云,南风,1级
2151,2016-09-25,28,21,阴,东南风,1级
2152,2016-09-26,26,21,多云,东北风,1级
2153,2016-09-27,24,15,小雨,东北风,1级
2154,2016-09-28,20,10,小雨,东北风,2级
2155,2016-09-29,22,14,晴,北风,微风
2156,2016-09-30,20,15,多云,东风,1级
2158,2016-10-01,26,18,小雨,西北风,1级
2159,2016-10-02,22,15,小雨,东南风,1级
2160,2016-10-03,29,17,多云,西南风,1级
2161,2016-10-04,28,16,晴,南风,1级
2162,2016-10-05,27,15,多云,东风,1级
2163,2016-10-06,24,15,多云,东风,2级
2164,2016-10-07,23,15,多云,东北风,1级
2165,2016-10-08,23,11,多云,东北风,1级
2166,2016-10-09,20,11,多云,北风,微风
2167,2016-10-10,20,12,阴,东南风,1级
2168,2016-10-11,22,13,多云,北风,微风
2169,2016-10-12,21,14,多云,北风,微风
2170,2016-10-13,22,10,多云,北风,微风
2171,2016-10-14,22,16,晴,东风,1级
2172,2016-10-15,19,15,小到中雨,东风,1级
2173,2016-10-16,20,13,阴,西风,1级
2174,2016-10-17,23,12,多云,东南风,1级
2175,2016-10-18,23,14,多云,北风,微风
2176,2016-10-19,23,15,晴,南风,1级
2177,2016-10-20,21,15,多云,东风,1级
2178,2016-10-21,17,15,小雨,北风,微风
2179,2016-10-22,20,11,阴,东北风,3级
2180,2016-10-23,15,10,阴,东北风,2级
2181,2016-10-24,14,7,小雨,西北风,2级
2182,2016-10-25,19,13,多云,西北风,1级
2183,2016-10-26,15,11,阵雨,东风,1级
2184,2016-10-27,16,10,小雨,东北风,2级
2185,2016-10-28,15,7,阴,西北风,1级
2186,2016-10-29,14,4,多云,南风,1级
2187,2016-10-30,16,8,多云,北风,微风
2188,2016-10-31,11,0,小雨,东北风,2级
2190,2016-11-01,11,2,晴,南风,1级
2191,2016-11-02,14,4,多云,西南风,2级
2192,2016-11-03,16,5,晴,西南风,1级
2193,2016-11-04,20,9,晴,北风,微风
2194,2016-11-05,21,10,晴,东北风,1级
2195,2016-11-06,17,8,多云,北风,微风
2196,2016-11-07,14,4,小雨,东北风,3级
2197,2016-11-08,12,1,多云,西北风,1级
2198,2016-11-09,11,3,晴,南风,1级
2199,2016-11-10,14,3,晴,南风,2级
2200,2016-11-11,17,5,多云,南风,1级
2201,2016-11-12,18,7,晴,西风,1级
2202,2016-11-13,19,9,多云,东北风,1级
2203,2016-11-14,18,4,多云,东北风,1级
2204,2016-11-15,14,4,晴,东南风,1级
2205,2016-11-16,13,7,阴,东南风,1级
2206,2016-11-17,17,10,多云,北风,微风
2207,2016-11-18,15,11,小雨,东南风,1级
2208,2016-11-19,17,10,小雨,北风,2级
2209,2016-11-20,14,9,阴,东南风,1级
2210,2016-11-21,13,0,小雨,东北风,3级
2211,2016-11-22,2,-4,阴,北风,2级
2212,2016-11-23,2,-7,多云,西北风,1级
2213,2016-11-24,4,-5,晴,西南风,2级
2214,2016-11-25,7,-3,多云,南风,1级
2215,2016-11-26,10,-3,晴,北风,微风
2216,2016-11-27,12,-3,晴,东风,1级
2217,2016-11-28,10,-1,多云,东南风,1级
2218,2016-11-29,10,1,多云,东南风,1级
2219,2016-11-30,12,-1,多云,东北风,1级
2221,2016-12-01,13,-1,晴,东北风,1级
2222,2016-12-02,13,2,晴,东北风,1级
2223,2016-12-03,12,2,多云,北风,微风
2224,2016-12-04,14,1,晴,东风,1级
2225,2016-12-05,12,-6,多云,北风,2级
2226,2016-12-06,9,-3,晴,南风,2级
2227,2016-12-07,13,-1,晴,北风,1级
2228,2016-12-08,14,-2,多云,东北风,1级
2229,2016-12-09,8,-1,多云,东风,1级
2230,2016-12-10,10,-1,晴,南风,1级
2231,2016-12-11,9,1,多云,东南风,2级
2232,2016-12-12,11,4,阴,北风,1级
2233,2016-12-13,6,-4,阴,东北风,2级
2234,2016-12-14,5,-5,多云,西北风,1级
2235,2016-12-15,8,-6,晴,北风,1级
2236,2016-12-16,8,-3,晴,南风,2级
2237,2016-12-17,10,0,多云,南风,2级
2238,2016-12-18,11,0,多云,北风,微风
2239,2016-12-19,13,-1,多云,东南风,1级
2240,2016-12-20,11,3,多云,东北风,1级
2241,2016-12-21,8,2,小到中雨,北风,2级
2242,2016-12-22,7,-4,阴,西北风,1级
2243,2016-12-23,7,-4,雾,东南风,1级
2244,2016-12-24,5,-1,多云,东风,2级
2245,2016-12-25,6,3,小到中雨,东风,2级
2246,2016-12-26,5,-5,雨夹雪,北风,2级
2247,2016-12-27,4,-6,多云,东北风,1级
2248,2016-12-28,4,-4,多云,北风,2级
2249,2016-12-29,4,-4,晴,北风,微风
2250,2016-12-30,6,-3,多云,南风,1级
2251,2016-12-31,9,-3,晴,东北风,1级
2253,2017-01-01,10,-2,多云,西南风,1级
2254,2017-01-02,11,-1,晴,西风,1级
2255,2017-01-03,8,-1,雾,东风,1级
2256,2017-01-04,9,0,多云,东风,2级
2257,2017-01-05,9,2,小雨,东北风,1级
2258,2017-01-06,9,3,阴,东风,1级
2259,2017-01-07,7,1,小到中雨,西北风,2级
2260,2017-01-08,7,-4,多云,西北风,2级
2261,2017-01-09,7,-3,多云,西北风,1级
2262,2017-01-10,7,-3,晴,西南风,1级
2263,2017-01-11,7,-2,多云,南风,1级
2264,2017-01-12,8,-4,多云,西北风,1级
2265,2017-01-13,6,-6,雾,东北风,2级
2266,2017-01-14,5,-5,晴,东南风,1级
2267,2017-01-15,4,-5,晴,南风,1级
2268,2017-01-16,5,-3,晴,南风,1级
2269,2017-01-17,7,-2,晴,南风,1级
2270,2017-01-18,7,-1,多云,东风,1级
2271,2017-01-19,6,-7,多云,西北风,4级
2272,2017-01-20,1,-6,晴,西南风,1级
2273,2017-01-21,5,-7,多云,东北风,1级
2274,2017-01-22,4,-7,晴,东北风,1级
2275,2017-01-23,5,-5,晴,东风,1级
2276,2017-01-24,7,-4,多云,南风,1级
2277,2017-01-25,8,-4,晴,东北风,1级
2278,2017-01-26,13,-3,多云,北风,3级
2279,2017-01-27,6,-3,多云,东南风,2级
2280,2017-01-28,5,-1,多云,东风,1级
2281,2017-01-29,4,-6,小雨,北风,2级
2282,2017-01-30,2,-4,晴,东北风,2级
2283,2017-01-31,3,-4,多云,北风,1级
2285,2017-02-01,6,-5,晴,北风,1级
2286,2017-02-02,6,-4,多云,西南风,1级
2287,2017-02-03,5,0,阴,东南风,1级
2288,2017-02-04,8,-1,阴,南风,1级
2289,2017-02-05,11,-1,晴,西北风,1级
2290,2017-02-06,8,-1,晴,东风,2级
2291,2017-02-07,2,-3,多云,东风,1级
2292,2017-02-08,3,-6,雨夹雪,西北风,2级
2293,2017-02-09,3,-6,晴,西北风,3级
2294,2017-02-10,5,-5,晴,西风,1级
2295,2017-02-11,9,-4,晴,西南风,1级
2296,2017-02-12,12,-2,晴,东风,1级
2297,2017-02-13,15,-1,晴,东风,1级
2298,2017-02-14,13,1,多云,东南风,1级
2299,2017-02-15,16,2,晴,南风,2级
2300,2017-02-16,17,1,多云,西风,1级
2301,2017-02-17,8,-2,多云,南风,2级
2302,2017-02-18,14,2,晴,南风,2级
2303,2017-02-19,20,3,多云,东北风,2级
2304,2017-02-20,7,-3,多云,东风,2级
2305,2017-02-21,3,-2,暴雪,北风,2级
2306,2017-02-22,2,-4,多云,西北风,2级
2307,2017-02-23,8,-3,多云,西南风,1级
2308,2017-02-24,12,-2,多云,南风,1级
2309,2017-02-25,13,-1,晴,西北风,2级
2310,2017-02-26,15,1,晴,东南风,1级
2311,2017-02-27,15,2,晴,南风,2级
2312,2017-02-28,17,4,多云,南风,2级
2314,2017-03-01,12,-4,阴,北风,4级
2315,2017-03-02,12,-1,晴,西南风,2级
2316,2017-03-03,15,1,多云,西南风,3级
2317,2017-03-05,15,-2,多云,东风,2级
2318,2017-03-06,13,0,晴,南风,2级
2319,2017-03-07,11,-3,晴,西北风,2级
2320,2017-03-08,13,-1,晴,西北风,2级
2321,2017-03-09,16,0,晴,西风,1级
2322,2017-03-10,18,5,晴,南风,1级
2323,2017-03-11,19,7,多云,北风,微风
2324,2017-03-12,16,3,多云,东北风,3级
2325,2017-03-13,11,-1,多云,西北风,2级
2326,2017-03-14,14,0,晴,西风,2级
2327,2017-03-15,16,3,多云,东南风,2级
2328,2017-03-16,15,4,多云,南风,1级
2329,2017-03-17,16,4,晴,南风,1级
2330,2017-03-18,18,4,晴,东风,1级
2331,2017-03-19,17,7,多云,东风,2级
2332,2017-03-20,11,1,阴,西风,1级
2333,2017-03-21,15,6,晴,东南风,1级
2334,2017-03-22,11,6,多云,东风,3级
2335,2017-03-23,13,5,多云,南风,2级
2336,2017-03-24,12,6,阴,南风,2级
2337,2017-03-25,14,3,多云,西风,1级
2338,2017-03-26,17,2,多云,西北风,2级
2339,2017-03-27,19,8,晴,东风,2级
2340,2017-03-28,13,2,小雨,东北风,3级
2341,2017-03-29,17,5,多云,西南风,3级
2342,2017-03-30,17,8,多云,西南风,2级
2343,2017-03-31,16,4,多云,北风,4级
2345,2017-04-01,20,5,晴,西风,2级
2346,2017-04-02,23,8,晴,西南风,3级
2347,2017-04-03,24,12,多云,南风,2级
2348,2017-04-04,20,13,小雨,东风,3级
2349,2017-04-05,18,12,阴,西北风,2级
2350,2017-04-06,22,10,晴,南风,1级
2351,2017-04-07,24,12,多云,东南风,2级
2352,2017-04-08,19,10,多云,东北风,4级
2353,2017-04-09,18,8,多云,东北风,3级
2354,2017-04-10,15,5,小雨,西风,3级
2355,2017-04-11,20,7,晴,西南风,1级
2356,2017-04-12,22,10,晴,西南风,3级
2357,2017-04-13,24,14,多云,西北风,7级
2358,2017-04-14,25,12,多云,东北风,1级
2359,2017-04-15,27,15,多云,东风,2级
2360,2017-04-16,26,14,小到中雨,南风,3级
2361,2017-04-17,26,15,多云,西南风,3级
2362,2017-04-18,25,12,晴,西风,2级
2363,2017-04-19,27,11,多云,北风,5级
2364,2017-04-20,23,12,多云,西南风,2级
2365,2017-04-21,21,7,多云,东北风,2级
2366,2017-04-22,23,11,晴,西南风,4级
2367,2017-04-23,26,13,多云,南风,2级
2368,2017-04-24,27,15,晴,北风,3级
2369,2017-04-25,22,11,小雨,东北风,4级
2370,2017-04-26,22,8,多云,东北风,4级
2371,2017-04-27,24,10,晴,东北风,4级
2372,2017-04-28,28,12,晴,东北风,4级
2373,2017-04-29,31,16,晴,东北风,4级
2374,2017-04-30,31,15,晴,东北风,4级
2376,2017-05-01,30,15,晴,东北风,4级
2377,2017-05-02,29,14,晴,东北风,4级
2378,2017-05-03,23,15,小雨,东北风,4级
2379,2017-05-04,25,12,阴,东北风,4级
2380,2017-05-05,26,10,晴,东北风,4级
2381,2017-05-06,24,10,多云,东北风,4级
2382,2017-05-07,28,17,多云,东北风,4级
2383,2017-05-08,20,13,小到中雨,南风,2级
2384,2017-05-09,25,15,多云,西南风,3级
2385,2017-05-10,31,19,多云,南风,1级
2386,2017-05-11,30,16,多云,西南风,3级
2387,2017-05-12,29,19,晴,西南风,4级
2388,2017-05-13,28,13,晴,北风,3级
2389,2017-05-14,28,18,多云,东南风,1级
2390,2017-05-15,25,13,多云,西风,3级
2391,2017-05-16,28,15,晴,西南风,3级
2392,2017-05-17,31,18,晴,南风,3级
2393,2017-05-18,33,21,晴,南风,2级
2394,2017-05-19,32,18,晴,东南风,3级
2395,2017-05-20,31,19,多云,南风,3级
2396,2017-05-21,30,19,多云,西南风,3级
2397,2017-05-22,31,17,多云,南风,3级
2398,2017-05-23,24,12,多云,东北风,2级
2399,2017-05-24,29,15,多云,西南风,2级
2400,2017-05-25,32,14,多云,东风,4级
2401,2017-05-26,31,18,晴,东南风,2级
2402,2017-05-27,36,20,晴,西南风,2级
2403,2017-05-28,37,22,晴,南风,2级
2404,2017-05-29,35,23,晴,东北风,1级
2405,2017-05-30,35,22,多云,西南风,2级
2406,2017-05-31,34,21,多云,东南风,1级
2408,2017-06-01,36,20,多云,东南风,3级
2409,2017-06-02,35,18,多云,东南风,4级
2410,2017-06-03,24,17,阴,南风,2级
2411,2017-06-04,29,18,多云,东风,3级
2412,2017-06-05,22,17,小雨,东北风,1级
2413,2017-06-06,21,15,小雨,西北风,3级
2414,2017-06-07,29,18,多云,东北风,1级
2415,2017-06-08,30,19,多云,东风,1级
2416,2017-06-09,32,23,多云,东风,1级
2417,2017-06-10,29,20,阵雨,北风,2级
2418,2017-06-11,30,19,晴,南风,2级
2419,2017-06-12,29,17,多云,东风,4级
2420,2017-06-13,30,17,多云,西风,2级
2421,2017-06-14,31,18,晴,西南风,2级
2422,2017-06-15,32,20,晴,南风,3级
2423,2017-06-16,35,20,晴,南风,4级
2424,2017-06-17,34,19,晴,东南风,2级
2425,2017-06-18,33,20,多云,南风,2级
2426,2017-06-19,33,22,多云,西南风,3级
2427,2017-06-20,34,22,雷阵雨,南风,5级
2428,2017-06-21,34,24,多云,南风,3级
2429,2017-06-22,32,24,多云,南风,3级
2430,2017-06-23,30,22,雷阵雨,东北风,2级
2431,2017-06-24,30,19,阴,北风,3级
2432,2017-06-25,31,20,晴,北风,2级
2433,2017-06-26,31,20,晴,东北风,3级
2434,2017-06-27,33,22,晴,东南风,3级
2435,2017-06-28,34,23,晴,东南风,2级
2436,2017-06-29,34,24,多云,东风,1级
2437,2017-06-30,32,22,阴,南风,2级
2439,2017-07-01,31,23,多云,南风,2级
2440,2017-07-02,32,23,多云,西南风,1级
2441,2017-07-03,36,24,多云,西南风,2级
2442,2017-07-04,36,25,多云,东北风,2级
2443,2017-07-05,35,25,多云,南风,1级
2444,2017-07-06,30,24,中到大雨,东北风,1级
2445,2017-07-07,32,25,晴,南风,2级
2446,2017-07-08,33,26,多云,西南风,3级
2447,2017-07-09,28,24,雷阵雨,西南风,1级
2448,2017-07-10,34,24,多云,南风,1级
2449,2017-07-11,35,26,多云,南风,2级
2450,2017-07-12,35,25,多云,南风,2级
2451,2017-07-13,34,25,多云,南风,2级
2452,2017-07-14,33,24,多云,东风,1级
2453,2017-07-15,27,23,雷阵雨,东北风,2级
2454,2017-07-16,31,24,雷阵雨,南风,2级
2455,2017-07-17,31,24,雷阵雨,南风,1级
2456,2017-07-18,32,26,雷阵雨,东南风,2级
2457,2017-07-19,33,26,雷阵雨,南风,2级
2458,2017-07-20,35,28,晴,南风,2级
2459,2017-07-21,35,28,多云,东风,1级
2460,2017-07-22,35,28,多云,西南风,2级
2461,2017-07-23,37,28,多云,东南风,1级
2462,2017-07-24,37,28,多云,西南风,1级
2463,2017-07-25,34,26,雷阵雨,东北风,2级
2464,2017-07-26,34,27,多云,南风,2级
2465,2017-07-27,35,25,多云,西北风,2级
2466,2017-07-28,29,25,雷阵雨,东北风,2级
2467,2017-07-29,30,24,雷阵雨,西北风,2级
2468,2017-07-30,31,25,雷阵雨,东风,2级
2469,2017-07-31,27,24,小到中雨,东南风,1级
2471,2017-08-01,32,26,阵雨,东风,3级
2472,2017-08-02,28,24,暴雨,南风,2级
2473,2017-08-03,31,26,阵雨,东南风,1级
2474,2017-08-04,34,26,多云,南风,2级
2475,2017-08-05,35,26,多云,南风,1级
2476,2017-08-06,36,27,晴,南风,1级
2477,2017-08-07,34,25,多云,西风,2级
2478,2017-08-08,31,23,阴,西风,2级
2479,2017-08-09,33,24,多云,西南风,2级
2480,2017-08-10,34,24,晴,北风,微风
2481,2017-08-11,35,26,晴,南风,1级
2482,2017-08-12,30,24,雷阵雨,北风,1级
2483,2017-08-13,30,24,阴,北风,2级
2484,2017-08-14,31,23,多云,北风,2级
2485,2017-08-15,32,23,多云,南风,2级
2486,2017-08-16,31,23,多云,东北风,1级
2487,2017-08-17,32,24,多云,南风,1级
2488,2017-08-18,32,23,雷阵雨,东北风,2级
2489,2017-08-19,29,23,中雨,东北风,1级
2490,2017-08-20,31,23,阴,西南风,1级
2491,2017-08-21,33,24,多云,西南风,1级
2492,2017-08-22,32,26,晴,东北风,1级
2493,2017-08-23,33,26,雷阵雨,南风,1级
2494,2017-08-24,33,24,多云,北风,微风
2495,2017-08-25,32,20,多云,东北风,2级
2496,2017-08-26,31,21,多云,东风,2级
2497,2017-08-27,30,24,多云,东南风,1级
2498,2017-08-28,27,22,雷阵雨,东北风,2级
2499,2017-08-29,23,16,小雨,北风,2级
2500,2017-08-30,19,16,小到中雨,南风,1级
2501,2017-08-31,25,17,多云,南风,1级
2503,2017-09-01,28,19,多云,南风,1级
2504,2017-09-02,27,19,多云,北风,微风
2505,2017-09-03,24,19,多云,南风,2级
2506,2017-09-04,24,20,小雨,东北风,2级
2507,2017-09-05,26,20,小雨,北风,1级
2508,2017-09-06,25,18,小雨,北风,1级
2509,2017-09-07,30,19,晴,东南风,1级
2510,2017-09-08,30,21,晴,东南风,1级
2511,2017-09-09,27,19,多云,东北风,1级
2512,2017-09-10,23,17,大到暴雨,东北风,2级
2513,2017-09-11,29,18,多云,西南风,1级
2514,2017-09-12,30,17,晴,东风,1级
2515,2017-09-13,30,15,晴,南风,1级
2516,2017-09-14,30,17,晴,南风,1级
2517,2017-09-15,29,17,晴,东北风,1级
2518,2017-09-16,29,17,多云,南风,1级
2519,2017-09-17,29,17,多云,西风,1级
2520,2017-09-18,30,19,晴,南风,1级
2521,2017-09-19,31,21,多云,南风,1级
2522,2017-09-20,30,17,多云,东风,2级
2523,2017-09-21,29,18,多云,南风,2级
2524,2017-09-22,30,21,多云,南风,2级
2525,2017-09-23,31,18,多云,南风,2级
2526,2017-09-24,29,22,多云,东南风,1级
2527,2017-09-25,25,21,小雨,东北风,2级
2528,2017-09-26,25,20,小雨,北风,2级
2529,2017-09-27,24,16,多云,北风,1级
2530,2017-09-28,25,15,晴,东南风,1级
2531,2017-09-29,26,15,多云,南风,2级
2532,2017-09-30,27,19,小雨,东南风,2级
2534,2017-10-01,25,17,小雨,北风,1级
2535,2017-10-02,26,16,多云,东北风,1级
2536,2017-10-03,17,12,多云,东北风,1级
2537,2017-10-04,16,12,小雨,北风,微风
2538,2017-10-05,17,10,阴,北风,微风
2539,2017-10-06,21,11,晴,北风,微风
2540,2017-10-07,24,16,多云,东北风,1级
2541,2017-10-08,27,18,多云,东风,1级
2542,2017-10-09,27,18,多云,西北风,2级
2543,2017-10-10,19,11,阴,东北风,2级
2544,2017-10-11,17,11,小雨,东风,1级
2545,2017-10-12,16,8,阵雨,南风,1级
2546,2017-10-13,20,12,晴,北风,微风
2547,2017-10-14,21,14,多云,东北风,1级
2548,2017-10-15,21,13,多云,东北风,1级
2549,2017-10-16,19,14,阴,东北风,1级
2550,2017-10-17,18,13,阴,东北风,1级
2551,2017-10-18,17,9,多云,西北风,1级
2552,2017-10-19,20,10,多云,西北风,1级
2553,2017-10-20,22,10,晴,北风,微风
2554,2017-10-21,23,10,晴,北风,微风
2555,2017-10-22,22,8,多云,东北风,2级
2556,2017-10-23,18,5,多云,西北风,2级
2557,2017-10-24,18,5,晴,北风,微风
2558,2017-10-25,18,10,多云,南风,1级
2559,2017-10-26,9,0,晴,南风,小于3级
2560,2017-10-27,8,0,晴,南风,小于3级
2561,2017-10-28,8,0,多云,北风,4～5级
2562,2017-10-29,1,0,晴,北风,小于3级
2563,2017-10-30,14,3,晴,南风,1级
2564,2017-10-31,17,5,多云,西南风,1级
2566,2017-11-01,16,8,阴,东风,1级
2567,2017-11-02,23,9,晴,东北风,1级
2568,2017-11-03,18,2,晴,东北风,1级
2569,2017-11-04,15,2,晴,南风,1级
2570,2017-11-05,16,4,晴,南风,2级
2571,2017-11-06,19,7,晴,西南风,1级
2572,2017-11-07,21,6,晴,东北风,1级
2573,2017-11-08,21,7,多云,东风,1级
2574,2017-11-09,21,9,多云,南风,2级
2575,2017-11-10,16,2,多云,东北风,2级
2576,2017-11-11,14,4,晴,北风,微风
2577,2017-11-12,16,5,多云,西南风,1级
2578,2017-11-13,19,3,晴,西风,1级
2579,2017-11-14,15,3,晴,北风,微风
2580,2017-11-15,15,6,晴,南风,1级
2581,2017-11-16,17,8,多云,东风,1级
2582,2017-11-17,14,-1,阴,东北风,3级
2583,2017-11-18,6,-4,多云,南风,2级
2584,2017-11-19,6,-1,多云,西南风,2级
2585,2017-11-20,11,0,晴,西风,1级
2586,2017-11-21,12,0,多云,南风,1级
2587,2017-11-22,11,-2,多云,北风,2级
2588,2017-11-23,11,-3,晴,南风,微风
2589,2017-11-24,11,0,晴,南风,1级
2590,2017-11-25,16,1,晴,南风,微风
2591,2017-11-26,12,-1,晴,东风,1级
2592,2017-11-27,14,3,多云,东南风,2级
2593,2017-11-28,16,2,多云,东北风,2级
2594,2017-11-29,7,-2,多云,东风,1级
2595,2017-11-30,8,-4,多云,西北风,1级
2597,2017-12-01,9,-4,晴,南风,1级
2598,2017-12-02,12,1,多云,南风,1级
2599,2017-12-03,12,-1,多云,西北风,2级
2600,2017-12-04,8,-5,晴,北风,2级
2601,2017-12-05,7,-5,晴,南风,1级
2602,2017-12-06,10,-3,晴,东南风,1级
2603,2017-12-07,10,-5,晴,北风,2级
2604,2017-12-08,8,-3,晴,西南风,1级
2605,2017-12-09,10,-2,多云,西南风,2级
2606,2017-12-10,9,-4,晴,东北风,1级
2607,2017-12-11,9,-4,多云,东风,1级
2608,2017-12-12,5,-2,多云,东风,1级
2609,2017-12-13,7,0,晴,东风,1级
2610,2017-12-14,5,-1,小雪,南风,1级
2611,2017-12-15,5,-4,多云,北风,2级
2612,2017-12-16,3,-7,多云,北风,2级
2613,2017-12-17,5,-6,晴,东南风,1级
2614,2017-12-18,8,-7,晴,西北风,2级
2615,2017-12-19,7,-6,晴,南风,1级
2616,2017-12-20,10,-6,晴,北风,1级
2617,2017-12-21,11,-3,晴,东南风,2级
2618,2017-12-22,11,-2,多云,南风,1级
2619,2017-12-23,10,-1,多云,西北风,1级
2620,2017-12-24,9,-6,多云,北风,2级
2621,2017-12-25,9,-5,晴,南风,1级
2622,2017-12-26,11,-2,晴,东风,2级
2623,2017-12-27,11,2,晴,南风,2级
2624,2017-12-28,12,-1,晴,东北风,1级
2625,2017-12-29,11,2,多云,西北风,2级
2626,2017-12-30,9,-6,阴,西风,1级
2627,2017-12-31,9,-5,晴,东北风,1级
2629,2018-01-01,11,-2,晴,东北风,2级
2630,2018-01-02,8,-1,阴,东风,3级
2631,2018-01-03,5,-2,多云,东北风,1级
2632,2018-01-04,-2,-8,中到大雪,西北风,2级
2633,2018-01-05,2,-9,晴,北风,1级
2634,2018-01-06,4,-6,多云,西风,1级
2635,2018-01-07,2,-6,小雪,西北风,1级
2636,2018-01-08,2,-7,阴,西风,1级
2637,2018-01-09,2,-7,晴,北风,2级
2638,2018-01-10,3,-7,晴,东风,1级
2639,2018-01-11,-1,-10,晴,北风,2级
2640,2018-01-12,3,-11,晴,南风,1级
2641,2018-01-13,6,-8,晴,南风,2级
2642,2018-01-14,10,-3,多云,东风,1级
2643,2018-01-15,11,-1,多云,北风,1级
2644,2018-01-16,8,0,小雨,西南风,2级
2645,2018-01-17,9,0,多云,北风,1级
2646,2018-01-18,9,-2,多云,南风,2级
2647,2018-01-19,11,-1,多云,东南风,1级
2648,2018-01-20,10,-1,多云,东南风,1级
2649,2018-01-21,8,-1,多云,东南风,1级
2650,2018-01-22,7,-5,多云,西北风,2级
2651,2018-01-23,0,-8,多云,东北风,2级
2652,2018-01-24,1,-7,晴,东南风,1级
2653,2018-01-25,-1,-7,阴,东南风,1级
2654,2018-01-26,-1,-7,多云,南风,2级
2655,2018-01-27,-2,-7,小雪,东北风,1级
2656,2018-01-28,0,-9,多云,西北风,2级
2657,2018-01-29,0,-9,晴,西北风,1级
2658,2018-01-30,4,-7,晴,南风,1级
2659,2018-01-31,4,-6,阴,南风,微风
2661,2018-02-01,7,-7,晴,东南风,1级
2662,2018-02-02,2,-10,多云,西北风,2级
2663,2018-02-03,2,-10,晴,西北风,1级
2664,2018-02-04,4,-9,晴,西风,微风
2665,2018-02-05,5,-9,晴,北风,2级
2666,2018-02-06,4,-7,晴,东南风,1级
2667,2018-02-07,7,-9,晴,北风,2级
2668,2018-02-08,5,-8,多云,南风,2级
2669,2018-02-09,10,-3,多云,北风,1级
2670,2018-02-10,5,-7,晴,东风,1级
2671,2018-02-11,5,-8,晴,北风,2级
2672,2018-02-12,7,-6,晴,东风,1级
2673,2018-02-13,14,-2,晴,西南风,2级
2674,2018-02-14,11,0,多云,东风,3级
2675,2018-02-15,8,-2,多云,东南风,1级
2676,2018-02-16,11,-2,多云,东南风,1级
2677,2018-02-17,11,1,多云,东风,2级
2678,2018-02-18,9,1,阴,南风,2级
2679,2018-02-19,10,-1,多云,南风,2级
2680,2018-02-20,9,1,多云,西南风,2级
2681,2018-02-21,5,-2,雨夹雪,西南风,2级
2682,2018-02-22,12,-1,多云,南风,2级
2683,2018-02-23,16,2,晴,东风,1级
2684,2018-02-24,10,-2,多云,东风,1级
2685,2018-02-25,10,1,多云,南风,1级
2686,2018-02-26,16,1,多云,东北风,1级
2687,2018-02-27,16,6,多云,南风,2级
2688,2018-02-28,15,5,阴,西南风,3级
2690,2018-03-01,9,1,多云,南风,2级
2691,2018-03-02,13,5,晴,南风,2级
2692,2018-03-03,20,5,晴,东南风,2级
2693,2018-03-04,12,0,中雨,西北风,4级
2694,2018-03-05,12,0,多云,南风,2级
2695,2018-03-06,10,3,多云,东北风,2级
2696,2018-03-07,7,1,阴,南风,1级
2697,2018-03-08,8,-5,多云,东北风,1级
2698,2018-03-09,11,0,晴,南风,2级
2699,2018-03-10,18,4,晴,南风,微风
2700,2018-03-11,20,5,多云,东南风,3级
2701,2018-03-12,23,9,晴,西南风,3级
2702,2018-03-13,24,11,晴,西南风,2级
2703,2018-03-14,24,12,多云,西南风,2级
2704,2018-03-15,21,1,阵雨,东北风,4级
2705,2018-03-16,11,2,晴,东南风,1级
2706,2018-03-17,11,3,多云,东风,2级
2707,2018-03-18,9,6,阴,东北风,1级
2708,2018-03-19,11,4,阵雨,东北风,2级
2709,2018-03-20,7,0,小雨,北风,1级
2710,2018-03-21,12,0,多云,西风,1级
2711,2018-03-22,16,4,多云,东南风,1级
2712,2018-03-23,21,8,多云,南风,1级
2713,2018-03-24,20,7,阴,东南风,1级
2714,2018-03-25,23,9,晴,东风,1级
2715,2018-03-26,25,14,多云,西南风,3级
2716,2018-03-27,27,15,晴,南风,2级
2717,2018-03-28,29,14,晴,南风,2级
2718,2018-03-29,25,9,多云,东风,2级
2719,2018-03-30,23,10,晴,南风,2级
2720,2018-03-31,25,14,晴,南风,2级
2722,2018-04-01,28,16,多云,南风,2级
2723,2018-04-02,30,17,晴,南风,2级
2724,2018-04-03,27,7,阵雨,东风,2级
2725,2018-04-04,12,8,多云,东北风,2级
2726,2018-04-05,7,4,小雨,西北风,2级
2727,2018-04-06,13,2,多云,西北风,3级
2728,2018-04-07,15,5,晴,南风,2级
2729,2018-04-08,23,9,晴,南风,1级
2730,2018-04-09,25,15,晴,南风,2级
2731,2018-04-10,28,14,多云,西南风,1级
2732,2018-04-11,25,18,多云,南风,2级
2733,2018-04-12,14,11,小雨,东风,2级
2734,2018-04-13,15,8,小雨,东北风,3级
2735,2018-04-14,16,6,多云,西北风,2级
2736,2018-04-15,19,6,多云,西风,1级
2737,2018-04-16,21,8,多云,西南风,2级
2738,2018-04-17,23,10,晴,南风,2级
2739,2018-04-18,26,12,晴,南风,2级
2740,2018-04-19,29,16,晴,南风,2级
2741,2018-04-20,30,19,晴,南风,2级
2742,2018-04-21,29,15,中雨,西南风,3级
2743,2018-04-22,21,12,小雨,北风,3级
2744,2018-04-23,20,10,多云,北风,3级
2745,2018-04-24,21,9,多云,北风,1级
2746,2018-04-25,23,13,多云,西南风,2级
2747,2018-04-26,24,12,多云,西南风,1级
2748,2018-04-27,27,15,晴,南风,2级
2749,2018-04-28,29,18,多云,南风,2级
2750,2018-04-29,27,17,多云,南风,2级
2751,2018-04-30,31,19,晴,南风,1级
2753,2018-05-01,24,17,雷阵雨,北风,2级
2754,2018-05-02,22,11,多云,西北风,2级
2755,2018-05-03,26,12,晴,东北风,1级
2756,2018-05-04,29,16,多云,西南风,2级
2757,2018-05-05,24,18,阵雨,东北风,1级
2758,2018-05-06,24,16,小雨,东风,2级
2759,2018-05-07,26,14,多云,南风,1级
2760,2018-05-08,27,12,晴,南风,1级
2761,2018-05-09,26,12,晴,西南风,2级
2762,2018-05-10,25,17,晴,东南风,2级
2763,2018-05-11,20,15,小雨,南风,2级
2764,2018-05-12,26,17,多云,南风,2级
2765,2018-05-13,32,20,晴,南风,2级
2766,2018-05-14,32,23,多云,南风,2级
2767,2018-05-15,30,21,阴,南风,2级
2768,2018-05-16,29,22,小到中雨,北风,1级
2769,2018-05-17,29,21,阴,北风,2级
2770,2018-05-18,27,19,多云,东风,2级
2771,2018-05-19,26,17,阴,东南风,2级
2772,2018-05-20,21,15,阵雨,东风,1级
2773,2018-05-21,23,16,多云,南风,1级
2774,2018-05-22,21,11,小雨,西北风,1级
2775,2018-05-23,27,16,晴,西南风,2级
2776,2018-05-24,23,18,多云,南风,2级
2777,2018-05-25,22,16,小雨,东北风,1级
2778,2018-05-26,26,18,多云,南风,2级
2779,2018-05-27,29,19,多云,东南风,1级
2780,2018-05-28,33,20,晴,南风,2级
2781,2018-05-29,31,19,多云,西南风,1级
2782,2018-05-30,31,18,多云,南风,1级
2783,2018-05-31,32,17,晴,东北风,1级
2785,2018-06-01,33,20,晴,南风,2级
2786,2018-06-02,29,18,阴,南风,1级
2787,2018-06-03,31,20,晴,东南风,1级
2788,2018-06-04,32,19,多云,南风,2级
2789,2018-06-05,35,22,晴,南风,3级
2790,2018-06-06,36,22,晴,南风,2级
2791,2018-06-07,35,22,多云,南风,微风
2792,2018-06-08,35,21,多云,东南风,2级
2793,2018-06-09,25,20,阴,西南风,1级
2794,2018-06-10,29,17,多云,西北风,2级
2795,2018-06-11,32,21,晴,东风,1级
2796,2018-06-12,38,23,晴,西南风,1级
2797,2018-06-13,37,21,多云,东北风,4级
2798,2018-06-14,34,20,晴,东北风,1级
2799,2018-06-15,34,21,多云,南风,2级
2800,2018-06-16,31,22,多云,南风,2级
2801,2018-06-17,32,23,多云,南风,2级
2802,2018-06-18,30,22,阴,东南风,微风
2803,2018-06-19,29,21,阴,南风,2级
2804,2018-06-20,34,21,多云,南风,3级
2805,2018-06-21,34,23,多云,南风,1级
2806,2018-06-22,33,19,多云,南风,2级
2807,2018-06-23,34,22,晴,南风,2级
2808,2018-06-24,34,24,多云,南风,2级
2809,2018-06-25,30,24,中雨,东南风,2级
2810,2018-06-26,27,24,中雨,南风,1级
2811,2018-06-27,34,26,多云,西南风,2级
2812,2018-06-28,33,20,雷阵雨,北风,微风
2813,2018-06-29,34,23,多云,东风,微风
2814,2018-06-30,32,22,多云,东风,2级
2816,2018-07-01,32,22,多云,东风,2级
2817,2018-07-02,33,25,多云,东风,2级
2818,2018-07-03,32,24,多云,南风,2级
2819,2018-07-04,30,23,雷阵雨,东风,微风
2820,2018-07-05,33,23,多云,东风,2级
2821,2018-07-06,34,24,多云,南风,2级
2822,2018-07-07,31,23,多云,东南风,2级
2823,2018-07-08,28,23,阵雨,东北风,2级
2824,2018-07-09,27,22,中雨,西南风,1级
2825,2018-07-10,26,23,小到中雨,西风,1级
2826,2018-07-11,32,25,多云,东北风,1级
2827,2018-07-12,33,28,晴,南风,2级
2828,2018-07-13,35,27,多云,南风,1级
2829,2018-07-14,36,27,晴,南风,2级
2830,2018-07-15,36,27,多云,南风,2级
2831,2018-07-16,37,27,晴,南风,2级
2832,2018-07-17,35,27,晴,南风,2级
2833,2018-07-18,37,27,晴,南风,2级
2834,2018-07-19,36,27,多云,东南风,2级
2835,2018-07-20,37,27,多云,南风,2级
2836,2018-07-21,36,27,多云,南风,2级
2837,2018-07-22,36,26,多云,东风,2级
2838,2018-07-23,31,27,小雨,西北风,2级
2839,2018-07-24,36,28,多云,东风,1级
2840,2018-07-25,38,28,多云,西南风,2级
2841,2018-07-26,35,25,雷阵雨,东南风,2级
2842,2018-07-27,35,26,多云,北风,2级
2843,2018-07-28,31,25,雷阵雨,东南风,1级
2844,2018-07-29,31,25,小到中雨,东南风,1级
2845,2018-07-30,30,24,雷阵雨,南风,2级
2846,2018-07-31,33,26,雷阵雨,东风,1级
2848,2018-08-01,35,26,多云,西南风,1级
2849,2018-08-02,36,25,多云,东南风,1级
2850,2018-08-03,35,27,多云,东北风,2级
2851,2018-08-04,32,26,雷阵雨,东风,2级
2852,2018-08-05,34,28,多云,南风,1级
2853,2018-08-06,35,27,多云,南风,1级
2854,2018-08-07,36,28,多云,东南风,1级
2855,2018-08-08,36,28,晴,东南风,1级
2856,2018-08-09,36,27,晴,南风,1级
2857,2018-08-10,35,26,多云,东风,1级
2858,2018-08-11,35,24,多云,东南风,1级
2859,2018-08-12,34,27,多云,东南风,1级
2860,2018-08-13,31,26,雷阵雨,东北风,1级
2861,2018-08-14,32,26,阴,西南风,1级
2862,2018-08-15,33,25,雷阵雨,东北风,3级
2863,2018-08-16,31,25,雷阵雨,东北风,3级
2864,2018-08-17,30,25,多云,东风,3级
2865,2018-08-18,28,25,大雨,东风,2级
2866,2018-08-19,29,25,大雨,东风,1级
2867,2018-08-20,30,22,多云,西北风,2级
2868,2018-08-21,32,22,多云,东南风,微风
2869,2018-08-22,32,23,多云,东南风,2级
2870,2018-08-23,31,21,多云,东北风,2级
2871,2018-08-24,32,21,晴,西北风,1级
2872,2018-08-25,32,20,晴,南风,1级
2873,2018-08-26,31,20,晴,东南风,1级
2874,2018-08-27,31,23,阴,东北风,2级
2875,2018-08-28,32,24,雷阵雨,北风,1级
2876,2018-08-29,32,25,雷阵雨,东北风,2级
2877,2018-08-30,32,25,雷阵雨,东风,1级
2878,2018-08-31,29,23,雷阵雨,东风,2级
2880,2018-09-01,31,20,多云,东风,1级
2881,2018-09-02,30,24,多云,东南风,1级
2882,2018-09-03,32,20,阴,西南风,1级
2883,2018-09-04,31,18,晴,南风,3级
2884,2018-09-05,30,21,多云,南风,微风
2885,2018-09-06,29,17,阴,南风,1级
2886,2018-09-10,28,16,多云,南风,1级
2887,2018-09-11,29,17,晴,东南风,1级
2888,2018-09-12,29,20,晴,西北风,1级
2889,2018-09-13,30,22,多云,南风,微风
2890,2018-09-14,28,21,多云,南风,1级
2891,2018-09-16,24,18,小雨,东南风,1级
2892,2018-09-17,28,21,多云,东风,1级
2893,2018-09-18,24,20,小雨,东风,1级
2894,2018-09-19,23,20,中雨,西北风,1级
2895,2018-09-20,26,18,阴,西北风,2级
2896,2018-09-21,28,18,多云,东风,微风
2897,2018-09-22,27,14,晴,东北风,1级
2898,2018-09-23,27,14,晴,北风,1级
2899,2018-09-24,26,14,晴,东北风,微风
2900,2018-09-25,23,15,阴,东北风,2级
2901,2018-09-26,24,14,晴,东风,1级
2902,2018-09-27,25,16,晴,东南风,微风
2903,2018-09-28,26,14,多云,南风,微风
2904,2018-09-29,28,14,晴,南风,1级
2905,2018-09-30,24,12,晴,西北风,1级
2907,2018-10-01,24,11,晴,西风,1级
2908,2018-10-02,27,12,晴,东风,1级
2909,2018-10-03,28,11,晴,东风,1级
2910,2018-10-04,27,11,晴,东风,1级
2911,2018-10-05,27,12,晴,东北风,1级
2912,2018-10-06,28,13,晴,东南风,1级
2913,2018-10-07,24,14,多云,东风,1级
2914,2018-10-08,24,15,多云,东南风,2级
2915,2018-10-09,22,5,多云,东北风,2级
2916,2018-10-10,19,7,晴,西南风,1级
2917,2018-10-11,21,7,晴,东风,2级
2918,2018-10-12,22,7,晴,东风,1级
2919,2018-10-14,21,9,阴,东北风,1级
2920,2018-10-15,20,11,阴,南风,2级
2921,2018-10-16,21,10,多云,北风,1级
2922,2018-10-17,20,7,多云,东风,1级
2923,2018-10-18,18,6,晴,东北风,1级
2924,2018-10-19,19,7,晴,东风,1级
2925,2018-10-20,18,9,多云,东北风,1级
2926,2018-10-21,21,10,多云,东风,1级
2927,2018-10-22,21,11,多云,东风,1级
2928,2018-10-23,21,8,晴,东北风,1级
2929,2018-10-24,24,12,多云,东北风,1级
2930,2018-10-25,21,8,小雨,南风,1级
2931,2018-10-26,18,3,晴,北风,1级
2932,2018-10-27,19,5,晴,南风,1级
2933,2018-10-28,21,5,晴,东风,1级
2934,2018-10-29,22,6,晴,东北风,1级
2935,2018-10-30,20,5,多云,东北风,1级
2936,2018-10-31,20,5,晴,北风,微风
